time,action
1.05,160
1.051,160
1.052,160
1.054,160
1.055,160
1.056,160
1.057,160
1.059,160
1.06,160
1.061,160
1.086,160
1.087,160
1.088,160
1.09,160
1.091,160
1.092,160
1.093,160
1.095,160
1.096,160
1.097,160
1.098,160
1.1,160
1.101,160
1.102,160
1.122,160
1.123,160
1.124,160
1.126,160
1.127,160
1.128,160
1.129,160
1.131,160
1.132,160
1.133,160
1.134,160
1.136,160
1.137,160
1.138,160
1.14,160
1.141,160
1.142,160
1.143,160
1.145,160
1.146,160
1.147,160
1.158,160
1.159,160
1.16,160
1.162,160
1.163,160
1.164,160
1.165,160
1.166,160
1.167,160
1.168,160
1.169,160
1.17,160
1.171,160
1.172,160
1.172,160
1.173,160
1.174,160
1.175,160
1.176,160
1.177,160
1.178,160
1.179,160
1.18,160
1.181,160
1.182,160
1.183,160
1.184,160
1.185,160
1.186,160
1.187,160
1.188,160
1.189,160
1.19,160
1.194,160
1.195,160
1.196,160
1.197,160
1.198,160
1.199,160
1.2,160
1.201,160
1.202,160
1.203,160
1.204,160
1.205,160
1.206,160
1.207,160
1.208,160
1.209,160
1.21,160
1.211,160
1.212,160
1.213,160
1.214,160
1.215,160
1.216,160
1.217,160
1.218,160
1.219,160
1.266,160
1.267,160
1.268,160
1.27,160
1.271,160
1.272,160
1.273,160
1.278,160
1.279,160
1.281,160
1.285,160
1.286,160
1.287,160
1.288,160
1.29,160
1.292,160
1.301,160
1.308,160
1.309,160
1.31,160
1.311,160
1.312,160
1.313,160
1.314,160
1.315,160
1.316,160
1.317,160
1.318,160
1.32,160
1.321,160
1.322,160
1.323,160
1.324,160
1.325,160
1.326,160
1.327,160
1.328,160
1.329,160
1.329,160
1.33,160
1.331,160
1.332,160
1.332,160
1.333,160
1.334,160
1.335,160
1.335,160
1.336,160
1.338,160
1.339,160
1.34,160
1.341,160
1.342,160
1.343,160
1.345,160
1.346,160
1.347,160
1.348,160
1.349,160
1.35,160
1.351,160
1.352,160
1.353,160
1.354,160
1.356,160
1.357,160
1.358,160
1.359,160
1.36,160
1.361,160
1.361,160
1.362,160
1.363,160
1.364,160
1.364,160
1.365,160
1.366,160
1.367,160
1.367,160
1.368,160
1.37,160
1.371,160
1.372,160
1.373,160
1.374,160
1.375,160
1.376,160
1.377,160
1.378,160
1.379,160
1.381,160
1.382,160
1.383,160
1.384,160
1.385,160
1.386,160
1.387,160
1.388,160
1.389,160
1.39,160
1.392,160
1.393,160
1.394,160
1.395,160
1.395,160
1.396,160
1.397,160
1.398,160
1.398,160
1.399,160
1.4,160
1.401,160
1.401,160
1.402,160
1.403,160
1.404,160
1.405,160
1.406,160
1.407,160
1.408,160
1.409,160
1.41,160
1.411,160
1.412,160
1.413,160
1.414,160
1.415,160
1.417,160
1.418,160
1.419,160
1.42,160
1.421,160
1.422,160
1.423,160
1.424,160
1.425,160
1.426,160
1.428,160
1.429,160
1.43,160
1.431,160
1.431,160
1.432,160
1.433,160
1.434,160
1.434,160
1.435,160
1.436,160
1.437,160
1.437,160
1.438,160
1.439,160
1.44,160
1.441,160
1.442,160
1.443,160
1.444,160
1.445,160
1.446,160
1.447,160
1.448,160
1.449,160
1.45,160
1.452,160
1.453,160
1.454,100
1.455,160
1.456,160
1.457,160
1.458,160
1.459,160
1.46,160
1.461,160
1.463,160
1.464,160
1.465,160
1.466,160
1.466,160
1.467,160
1.468,160
1.469,160
1.469,160
1.47,160
1.471,160
1.472,160
1.472,160
1.473,160
1.474,160
1.475,160
1.476,160
1.476,160
1.477,160
1.478,160
1.479,160
1.48,160
1.481,160
1.482,160
1.483,160
1.484,160
1.485,160
1.487,160
1.488,160
1.489,160
1.49,160
1.491,160
1.492,160
1.493,160
1.494,160
1.495,160
1.496,160
1.498,160
1.499,160
1.5,160
1.501,160
1.501,160
1.502,160
1.503,160
1.504,160
1.504,160
1.505,160
1.506,160
1.507,160
1.507,160
1.508,160
1.509,160
1.51,160
1.511,160
1.511,160
1.512,160
1.513,160
1.514,160
1.515,160
1.516,160
1.517,160
1.518,160
1.519,160
1.52,160
1.521,160
1.523,160
1.524,160
1.525,160
1.526,160
1.527,160
1.528,160
1.529,160
1.53,160
1.53,160
1.531,160
1.532,160
1.534,160
1.535,160
1.536,160
1.537,160
1.537,160
1.538,160
1.539,160
1.54,160
1.54,160
1.541,160
1.542,160
1.543,160
1.543,160
1.544,160
1.545,160
1.546,160
1.547,160
1.547,160
1.548,160
1.549,160
1.55,160
1.551,160
1.552,160
1.553,160
1.554,160
1.555,160
1.556,160
1.557,160
1.559,160
1.56,160
1.561,160
1.562,160
1.563,160
1.564,160
1.565,160
1.566,160
1.567,160
1.568,160
1.569,160
1.57,160
1.571,160
1.572,160
1.572,160
1.573,160
1.574,160
1.575,160
1.575,160
1.576,160
1.577,160
1.578,160
1.578,160
1.579,160
1.58,160
1.581,160
1.582,160
1.582,160
1.583,160
1.584,160
1.585,160
1.586,160
1.587,160
1.588,160
1.589,160
1.59,160
1.591,160
1.592,160
1.592,160
1.594,160
1.595,160
1.596,160
1.597,160
1.598,160
1.599,160
1.6,160
1.601,160
1.602,160
1.603,160
1.603,160
1.604,160
1.605,160
1.606,160
1.606,160
1.607,160
1.608,160
1.609,160
1.609,160
1.61,160
1.611,160
1.612,160
1.613,160
1.613,160
1.614,160
1.615,160
1.616,160
1.616,160
1.617,160
1.618,160
1.62,160
1.621,160
1.622,160
1.623,160
1.624,160
1.625,160
1.626,160
1.627,160
1.628,160
1.629,160
1.63,160
1.631,160
1.632,160
1.633,160
1.634,160
1.635,160
1.635,160
1.636,160
1.637,160
1.638,160
1.638,0
1.639,160
1.64,160
1.641,160
1.641,160
1.642,160
1.643,160
1.644,160
1.645,160
1.645,160
1.646,160
1.647,160
1.648,160
1.649,160
1.65,160
1.651,160
1.652,160
1.653,160
1.654,160
1.655,160
1.656,160
1.657,160
1.658,160
1.659,160
1.66,160
1.661,160
1.662,160
1.663,160
1.664,160
1.665,160
1.666,160
1.667,160
1.668,160
1.669,160
1.67,160
1.671,160
1.672,160
1.673,160
1.674,160
1.675,160
1.676,160
1.677,160
1.678,160
1.679,160
1.68,160
1.681,160
1.682,160
1.683,160
1.684,160
1.685,160
1.686,160
1.687,160
1.688,160
1.689,160
1.69,160
1.691,160
1.692,160
1.693,160
1.694,160
1.695,160
1.696,160
1.697,160
1.698,160
1.699,160
1.7,160
1.701,160
1.702,160
1.703,160
1.704,160
1.705,160
1.706,160
1.707,160
1.708,160
1.709,160
1.71,160
1.711,160
1.712,160
1.713,160
1.714,160
1.715,160
1.716,160
1.717,160
1.718,160
1.719,160
1.72,160
1.721,160
1.722,160
1.723,160
1.724,160
1.725,160
1.726,160
1.727,160
1.728,160
1.729,160
1.73,160
1.731,160
1.732,160
1.733,160
1.734,160
1.735,160
1.736,160
1.737,160
1.738,160
1.739,160
1.74,160
1.741,160
1.742,160
1.743,160
1.744,160
1.745,160
1.746,160
1.747,160
1.748,160
1.749,160
1.75,160
1.751,160
1.752,160
1.753,160
1.754,160
1.755,160
1.756,160
1.757,160
1.758,160
1.759,160
1.76,160
1.761,160
1.762,160
1.763,160
1.764,160
1.765,160
1.766,160
1.767,160
1.768,160
1.769,160
1.77,160
1.771,160
1.772,160
1.773,160
1.774,160
1.775,160
1.776,160
1.777,160
1.778,160
1.779,160
1.78,160
1.781,160
1.782,160
1.783,160
1.784,160
1.785,160
1.786,160
1.787,160
1.788,160
1.789,160
1.79,160
1.791,160
1.792,160
1.793,160
1.794,160
1.795,160
1.796,160
1.797,160
1.798,160
1.799,160
1.8,160
1.801,160
1.802,160
1.803,160
1.804,160
1.805,160
1.806,160
1.807,160
1.808,160
1.809,160
1.81,160
1.811,160
1.812,160
1.814,160
1.815,160
1.816,160
1.817,160
1.819,160
1.82,160
1.821,160
1.822,160
1.824,160
1.825,160
1.826,160
1.827,160
1.829,160
1.83,160
1.831,160
1.833,100
1.834,160
1.835,160
1.836,160
1.838,160
1.839,160
1.84,160
1.841,160
1.843,160
1.844,160
1.845,160
1.846,160
1.848,160
1.849,160
1.85,160
1.852,160
1.853,160
1.854,160
1.855,160
1.857,160
1.858,160
1.859,160
1.86,160
1.862,160
1.863,160
1.864,160
1.866,160
1.867,160
1.868,160
1.869,160
1.871,160
1.872,160
1.873,160
1.874,160
1.876,160
1.877,160
1.878,160
1.879,160
1.881,160
1.882,160
1.883,160
1.885,160
1.886,160
1.887,160
1.888,160
1.89,160
1.891,160
1.892,160
1.893,160
1.895,160
1.896,160
1.897,160
1.898,160
1.9,160
1.901,160
1.902,160
1.904,160
1.905,160
1.906,160
1.907,160
1.909,160
1.91,160
1.911,160
1.912,160
1.914,160
1.915,160
1.916,160
1.917,160
1.919,160
1.92,160
1.921,160
1.923,160
1.924,160
1.925,160
1.926,160
1.928,160
1.929,160
1.93,160
1.931,160
1.933,160
1.934,160
1.935,160
1.936,160
1.938,160
1.939,160
1.94,160
1.942,160
1.943,160
1.944,160
1.946,160
1.947,160
1.949,160
1.95,160
1.951,160
1.953,160
1.954,160
1.956,160
1.957,160
1.959,160
1.96,160
1.961,160
1.963,160
1.964,160
1.966,160
1.967,160
1.968,160
1.97,160
1.971,160
1.973,160
1.974,160
1.975,160
1.977,160
1.978,160
1.98,160
1.981,160
2.036,160
2.04,160
2.071,160
2.073,160
2.074,160
2.075,160
2.078,160
2.079,160
2.081,160
2.082,160
2.084,160
2.09,160
2.091,160
2.096,160
2.097,160
2.099,160
2.1,160
2.102,160
2.103,160
2.104,160
2.106,160
2.107,160
2.109,160
2.11,160
2.111,160
2.113,160
2.114,160
2.116,160
2.117,160
2.12,160
2.121,160
2.127,160
2.128,160
2.133,160
2.135,160
2.137,160
2.139,160
2.141,160
2.143,160
2.145,160
2.147,160
2.149,160
2.151,160
2.153,160
2.155,160
2.157,160
2.158,160
2.16,160
2.162,160
2.164,160
2.166,160
2.168,160
2.17,160
2.172,160
2.174,160
2.176,160
2.178,160
2.18,160
2.182,160
2.184,160
2.185,160
2.187,160
2.189,160
2.191,160
2.193,160
2.195,160
2.197,160
2.199,160
2.201,160
2.203,160
2.205,160
2.207,160
2.209,160
2.211,160
2.212,160
2.214,160
2.216,160
2.218,160
2.22,160
2.222,160
2.224,160
2.226,160
2.228,160
2.23,160
2.232,160
2.234,160
2.236,160
2.238,160
2.239,160
2.241,160
2.243,160
2.245,160
2.247,160
2.249,160
2.251,160
2.253,160
2.255,160
2.257,160
2.259,160
2.261,160
2.263,160
2.265,160
2.266,160
2.268,160
2.27,160
2.272,160
2.274,160
2.276,160
2.278,160
2.28,160
2.282,160
2.284,160
2.286,160
2.288,160
2.29,160
2.292,160
2.293,160
2.295,160
2.297,160
2.299,160
2.302,160
2.305,160
2.307,160
2.31,160
2.313,160
2.316,160
2.318,160
2.321,160
2.324,160
2.327,160
2.329,160
2.332,160
2.335,160
2.338,160
2.34,160
2.343,160
2.346,160
2.349,160
2.351,160
2.354,160
2.357,160
2.36,160
2.362,160
2.365,160
2.368,160
2.371,160
2.373,160
2.376,160
2.379,160
2.382,160
2.385,160
2.387,160
2.39,160
2.393,160
2.396,160
2.398,160
2.401,160
2.404,160
2.407,160
2.409,160
2.412,160
2.415,160
2.418,160
2.42,160
2.423,160
2.426,160
2.429,160
2.431,160
2.434,160
2.437,160
2.44,160
2.442,160
2.445,160
2.448,160
2.451,160
2.453,160
2.456,160
2.459,160
2.462,160
2.464,160
2.467,160
2.47,160
2.473,160
2.475,160
2.478,160
2.481,160
2.484,160
2.486,160
2.49,160
2.495,160
2.499,160
2.504,160
2.508,160
2.513,160
2.517,160
2.522,160
2.526,160
2.531,160
2.535,160
2.54,160
2.544,160
2.549,160
2.796,160
3.831,256
3.866,256
3.867,256
3.902,256
3.903,256
3.904,256
3.938,256
3.939,256
3.94,256
3.973,256
3.974,256
3.975,256
3.976,256
3.977,256
4.009,256
4.01,256
4.011,256
4.012,256
4.044,256
4.045,256
4.046,256
4.047,256
4.079,256
4.08,256
4.081,256
4.082,256
4.083,256
4.114,256
4.115,256
4.116,256
4.117,256
4.118,256
4.119,256
4.15,256
4.151,256
4.152,256
4.154,256
4.155,256
4.156,256
4.158,256
4.187,256
4.188,256
4.189,256
4.191,256
4.192,256
4.193,256
4.223,256
4.224,256
4.225,256
4.227,256
4.228,256
4.229,256
4.259,256
4.26,64
4.261,256
4.263,256
4.264,256
4.265,256
4.266,256
4.295,256
4.296,256
4.297,256
4.299,256
4.3,256
4.301,256
4.302,256
4.304,256
4.332,256
4.333,256
4.335,256
4.336,256
4.338,256
4.339,256
4.34,256
4.342,256
4.343,256
4.369,256
4.37,256
4.372,256
4.373,256
4.375,256
4.376,256
4.377,256
4.379,256
4.405,256
4.406,256
4.408,256
4.409,256
4.411,256
4.412,256
4.413,256
4.415,256
4.416,256
4.441,256
4.442,256
4.444,256
4.445,256
4.447,256
4.448,256
4.449,256
4.451,256
4.452,256
4.454,256
4.478,256
4.479,256
4.481,256
4.482,256
4.484,256
4.485,256
4.486,256
4.488,256
4.489,256
4.491,256
4.492,256
4.515,256
4.516,256
4.518,256
4.519,256
4.521,256
4.522,256
4.523,256
4.525,256
4.526,256
4.528,256
4.551,256
4.553,256
4.555,256
4.557,256
4.559,256
4.561,256
4.563,256
4.565,256
4.567,256
4.569,256
4.587,256
4.589,256
4.591,256
4.593,256
4.595,256
4.597,256
4.599,256
4.601,256
4.603,256
4.605,256
4.607,256
4.623,256
4.625,256
4.627,256
4.629,256
4.631,256
4.633,256
4.635,256
4.637,256
4.639,256
4.641,256
4.643,256
4.645,256
4.661,256
4.663,256
4.665,256
4.667,256
4.669,256
4.671,256
4.673,256
4.675,256
4.677,256
4.679,256
4.681,256
4.683,256
4.685,256
4.699,256
4.701,256
4.704,256
4.706,256
4.709,256
4.712,256
4.715,256
4.717,256
4.72,256
4.723,256
4.726,256
4.728,256
4.736,256
4.739,256
4.742,256
4.745,256
4.747,256
4.75,256
4.753,256
4.756,256
4.758,256
4.761,256
4.764,256
4.767,256
4.769,256
4.773,256
4.776,256
4.779,256
4.782,256
4.784,256
4.787,256
4.79,256
4.793,256
4.795,100
4.798,256
4.801,256
4.804,256
4.806,256
4.809,256
4.812,256
4.815,256
4.817,256
4.82,256
4.823,256
4.826,256
4.828,256
4.831,256
4.834,256
4.837,256
4.839,256
4.995,256
4.999,256
5.004,256
5.02,256
5.025,256
5.029,256
5.034,256
5.043,256
5.048,256
5.064,256
8.3,256
8.336,256
8.337,256
8.372,256
8.408,256
8.409,256
8.411,256
8.445,256
8.446,256
8.481,256
8.482,256
8.517,256
8.519,256
8.521,256
8.553,256
8.555,256
8.557,256
8.559,256
8.591,256
8.593,256
8.595,256
8.597,256
8.629,256
8.631,256
8.633,256
8.635,256
8.637,256
8.667,256
8.669,256
8.671,256
8.673,256
8.703,256
8.705,256
8.707,256
8.709,256
8.711,256
8.74,256
8.743,256
8.746,256
8.749,256
8.751,256
8.754,256
8.78,256
8.783,256
8.786,256
8.789,256
8.791,256
8.794,256
8.797,256
8.82,256
8.823,256
8.826,256
8.829,256
8.831,256
8.834,256
8.857,256
8.86,256
8.863,256
8.866,256
8.868,256
8.871,256
8.894,256
8.897,256
8.9,256
8.903,256
8.905,256
8.908,256
8.911,256
8.933,256
8.938,256
8.942,256
8.947,256
8.951,256
8.956,256
8.96,256
8.965,256
8.977,256
8.982,256
9.221,256
10.256,256
10.291,256
10.292,256
10.327,256
10.328,256
10.363,256
10.364,256
10.364,256
10.399,256
10.4,256
10.434,256
10.435,256
10.469,256
10.47,256
10.47,256
10.504,256
10.505,256
10.505,256
10.506,256
10.54,256
10.541,256
10.541,256
10.542,256
10.576,256
10.577,256
10.577,256
10.578,256
10.579,256
10.612,256
10.613,256
10.613,256
10.614,256
10.647,256
10.648,256
10.649,256
10.65,256
10.65,256
10.682,256
10.683,256
10.684,256
10.685,256
10.685,256
10.686,256
10.718,256
10.719,256
10.72,256
10.721,256
10.721,256
10.722,256
10.723,256
10.754,256
10.755,256
10.756,256
10.757,256
10.758,256
10.759,256
10.789,256
10.79,256
10.791,256
10.792,256
10.793,256
10.794,256
10.824,256
10.825,256
10.826,256
10.827,256
10.828,256
10.829,256
10.83,256
10.86,256
10.861,256
10.862,256
10.864,256
10.865,256
10.866,256
10.867,256
10.869,256
10.897,256
10.898,256
10.899,256
10.901,256
10.902,256
10.903,256
10.904,256
10.906,256
10.907,256
10.934,256
10.935,256
10.936,256
10.938,256
10.939,256
10.94,256
10.941,256
10.943,256
10.97,256
10.971,256
10.973,256
10.974,256
10.976,256
10.977,256
10.978,256
10.98,256
11.006,256
11.007,256
11.009,256
11.01,256
11.012,256
11.013,256
11.014,256
11.016,256
11.017,256
11.042,256
11.043,256
11.045,256
11.046,256
11.048,256
11.049,256
11.05,256
11.052,256
11.053,256
11.055,256
11.079,256
11.08,256
11.082,256
11.083,256
11.085,256
11.086,256
11.087,256
11.089,256
11.09,256
11.092,256
11.093,256
11.116,256
11.117,256
11.119,256
11.12,256
11.122,256
11.124,256
11.125,256
11.127,256
11.129,256
11.131,256
11.152,256
11.154,256
11.156,256
11.158,256
11.16,256
11.162,256
11.164,256
11.166,256
11.168,256
11.17,256
11.172,256
11.188,256
11.19,256
11.192,256
11.194,256
11.196,256
11.198,256
11.2,256
11.202,256
11.204,256
11.206,256
11.208,256
11.21,256
11.226,256
11.228,256
11.23,256
11.232,256
11.234,256
11.236,64
11.238,256
11.24,256
11.242,256
11.244,256
11.246,256
11.248,256
11.25,256
11.264,256
11.266,256
11.268,256
11.27,256
11.272,256
11.274,256
11.276,256
11.278,256
11.28,256
11.282,256
11.284,256
11.287,256
11.301,256
11.304,256
11.307,256
11.31,256
11.312,256
11.315,256
11.318,256
11.321,256
11.323,256
11.326,256
11.329,256
11.332,256
11.338,256
11.341,256
11.344,256
11.347,256
11.349,256
11.352,256
11.355,256
11.358,256
11.36,256
11.363,256
11.366,256
11.369,256
11.371,256
11.375,256
11.378,256
11.381,256
11.384,256
11.386,256
11.389,256
11.392,256
11.395,256
11.397,256
11.4,256
11.403,256
11.406,256
11.408,256
11.411,256
11.414,256
11.417,256
11.419,256
11.422,256
11.425,256
11.428,256
11.43,256
11.433,256
11.436,256
11.439,256
11.441,256
11.444,256
11.447,256
11.45,256
11.452,256
11.455,256
11.458,256
11.461,256
11.463,256
11.466,256
11.469,256
11.473,256
11.477,256
11.482,256
11.487,256
11.491,256
11.496,256
11.5,256
11.505,256
11.509,256
11.514,256
11.518,256
11.523,256
11.527,256
11.532,256
11.536,256
11.541,256
11.545,256
11.55,256
11.554,256
11.559,256
11.563,256
11.568,256
11.572,256
11.577,256
11.581,256
11.786,256
12.822,256
12.858,256
12.859,256
12.894,256
12.895,256
12.897,256
12.898,256
12.931,256
12.932,256
12.934,256
12.935,256
12.968,256
12.969,256
12.971,256
12.972,256
12.974,256
13.005,256
13.006,256
13.008,256
13.009,256
13.041,256
13.042,256
13.043,256
13.045,256
13.077,256
13.078,256
13.079,256
13.081,256
13.082,256
13.113,256
13.114,256
13.115,256
13.117,256
13.118,256
13.119,256
13.15,256
13.151,256
13.152,256
13.154,256
13.155,256
13.156,256
13.157,256
13.187,256
13.188,256
13.189,256
13.191,256
13.192,256
13.193,256
13.223,256
13.224,256
13.225,256
13.227,256
13.228,256
13.229,256
13.259,256
13.26,256
13.261,256
13.263,256
13.264,256
13.265,256
13.266,256
13.295,128
13.296,256
13.297,256
13.299,256
13.3,256
13.301,256
13.302,256
13.304,256
13.332,256
13.333,256
13.334,256
13.336,256
13.337,160
13.338,256
13.339,256
13.341,256
13.342,256
13.369,256
13.37,256
13.372,256
13.373,256
13.375,256
13.376,256
13.377,256
13.379,256
13.405,256
13.406,0
13.408,256
13.409,256
13.411,256
13.412,256
13.413,256
13.415,256
13.416,256
13.441,256
13.442,256
13.444,256
13.445,256
13.447,256
13.448,256
13.449,256
13.451,256
13.452,256
13.454,256
13.478,256
13.479,256
13.481,256
13.482,256
13.484,256
13.485,256
13.486,256
13.488,256
13.489,256
13.491,256
13.515,256
13.516,256
13.518,256
13.519,256
13.521,256
13.522,256
13.523,256
13.525,256
13.526,256
13.528,256
13.529,256
13.552,256
13.553,256
13.555,256
13.556,256
13.558,256
13.559,256
13.56,256
13.562,256
13.563,256
13.565,256
13.588,256
13.589,256
13.591,256
13.592,256
13.594,256
13.595,256
13.596,256
13.598,256
13.599,256
13.601,256
13.602,256
13.624,256
13.625,256
13.627,256
13.628,256
13.63,256
13.631,256
13.632,256
13.634,256
13.635,256
13.637,256
13.638,256
13.639,256
13.661,256
13.662,256
13.664,256
13.665,256
13.667,256
13.668,256
13.669,256
13.671,256
13.672,256
13.674,256
13.675,256
13.676,256
13.678,256
13.698,256
13.7,256
13.702,256
13.704,256
13.706,256
13.708,256
13.71,256
13.712,256
13.714,256
13.716,256
13.718,256
13.72,256
13.734,256
13.736,256
13.738,256
13.74,256
13.742,256
13.744,256
13.746,256
13.748,256
13.75,256
13.752,256
13.754,256
13.756,256
13.758,256
13.77,256
13.772,256
13.774,256
13.776,256
13.778,256
13.78,256
13.782,256
13.784,256
13.786,256
13.788,256
13.79,256
13.792,256
13.794,256
13.795,256
13.808,256
13.81,256
13.812,256
13.814,256
13.816,256
13.818,256
13.82,256
13.822,256
13.824,256
13.826,256
13.828,256
13.83,256
13.832,256
13.833,256
13.835,256
13.846,256
13.848,256
13.85,256
13.852,256
13.854,256
13.856,256
13.858,256
13.86,256
13.862,256
13.864,256
13.866,256
13.868,256
13.87,256
13.871,256
13.883,256
13.886,256
13.889,256
13.892,256
13.894,256
13.897,256
13.9,256
13.903,256
13.905,256
13.908,256
13.911,256
13.914,256
13.916,256
13.919,256
13.922,256
13.925,256
13.927,256
13.93,256
13.933,256
13.936,256
13.938,256
13.941,256
13.944,256
13.947,256
13.949,256
13.952,256
13.955,256
13.958,256
13.96,256
13.963,256
13.966,256
13.969,256
13.971,256
13.974,256
13.977,256
13.98,256
13.982,256
13.985,256
13.988,256
13.991,256
13.993,256
13.996,80
13.999,256
14.002,256
14.004,256
14.007,256
14.01,256
14.013,256
14.015,256
14.018,256
14.021,256
14.024,64
14.026,256
14.029,256
14.032,256
14.035,256
14.037,256
14.04,256
14.043,256
14.046,256
14.048,256
14.051,256
14.054,256
14.057,256
14.059,256
14.062,256
14.065,256
14.068,256
14.07,256
14.073,256
14.076,256
14.079,256
14.083,256
14.087,256
14.092,256
14.096,256
14.101,256
14.105,256
14.11,256
14.114,256
14.119,256
14.123,256
14.128,256
14.132,256
14.137,256
14.142,256
14.146,256
14.151,256
14.155,256
14.16,256
14.164,256
14.169,256
14.173,256
14.178,256
14.182,256
14.187,256
14.191,256
14.196,256
15.226,256
15.261,256
15.262,256
15.296,256
15.297,256
15.298,256
15.299,256
15.332,256
15.333,256
15.334,256
15.335,256
15.368,256
15.369,256
15.37,256
15.371,256
15.404,256
15.405,256
15.405,256
15.406,256
15.407,256
15.44,256
15.441,256
15.441,256
15.442,256
15.475,256
15.476,256
15.476,256
15.477,256
15.478,256
15.51,256
15.511,256
15.511,256
15.512,256
15.513,256
15.513,256
15.546,256
15.547,256
15.547,256
15.548,256
15.549,256
15.549,256
15.582,256
15.583,256
15.583,256
15.584,256
15.585,256
15.585,256
15.586,256
15.618,256
15.619,256
15.619,256
15.62,256
15.621,256
15.621,256
15.653,256
15.654,256
15.654,256
15.655,256
15.656,256
15.656,256
15.657,256
15.688,256
15.689,256
15.689,256
15.69,256
15.691,256
15.691,256
15.692,256
15.693,256
15.724,256
15.725,256
15.726,256
15.727,256
15.727,256
15.728,256
15.729,256
15.73,256
15.73,256
15.76,256
15.761,256
15.762,256
15.763,256
15.763,256
15.764,256
15.765,256
15.766,256
15.795,256
15.796,256
15.797,256
15.798,256
15.798,256
15.799,256
15.8,256
15.801,256
15.83,256
15.831,256
15.832,256
15.833,256
15.833,256
15.834,256
15.835,256
15.836,256
15.836,256
15.865,256
15.866,256
15.867,256
15.868,256
15.869,256
15.87,256
15.871,256
15.872,256
15.873,256
15.874,256
15.901,256
15.902,256
15.903,256
15.904,256
15.905,0
15.906,256
15.907,256
15.908,256
15.909,256
15.91,256
15.911,256
15.937,256
15.938,256
15.939,256
15.94,256
15.941,256
15.942,256
15.943,256
15.944,256
15.945,256
15.946,256
15.973,256
15.974,256
15.975,256
15.977,256
15.978,256
15.979,256
15.98,256
15.982,256
15.983,256
15.984,256
15.985,256
16.009,256
16.01,256
16.011,256
16.013,256
16.014,256
16.015,256
16.016,256
16.018,256
16.019,256
16.02,256
16.021,256
16.023,256
16.046,256
16.047,256
16.048,256
16.05,256
16.051,256
16.052,256
16.053,256
16.055,256
16.056,256
16.057,256
16.059,256
16.06,256
16.061,256
16.083,256
16.084,256
16.086,256
16.087,256
16.089,256
16.09,256
16.091,256
16.093,256
16.094,256
16.096,256
16.097,256
16.098,256
16.119,256
16.12,256
16.122,256
16.123,256
16.125,256
16.126,256
16.127,256
16.129,256
16.13,256
16.132,256
16.133,256
16.134,256
16.155,256
16.156,256
16.158,256
16.159,256
16.161,256
16.162,256
16.163,256
16.165,256
16.166,256
16.168,256
16.169,256
16.17,256
16.172,256
16.191,256
16.192,256
16.194,256
16.195,256
16.197,256
16.198,256
16.199,256
16.201,256
16.202,256
16.204,256
16.205,256
16.206,256
16.208,256
16.209,256
16.228,256
16.23,256
16.232,256
16.234,256
16.236,256
16.238,256
16.24,256
16.242,256
16.244,256
16.246,256
16.248,256
16.25,256
16.252,256
16.253,256
16.255,256
16.266,256
16.268,256
16.27,256
16.272,256
16.274,256
16.276,256
16.278,256
16.28,256
16.282,256
16.284,256
16.286,256
16.288,256
16.29,256
16.291,256
16.302,256
16.304,256
16.306,256
16.308,256
16.31,256
16.312,256
16.314,256
16.316,256
16.318,256
16.32,256
16.322,256
16.324,256
16.326,256
16.327,256
16.329,256
16.338,256
16.34,256
16.342,256
16.344,256
16.346,256
16.348,256
16.35,256
16.352,256
16.354,256
16.356,256
16.358,256
16.36,256
16.362,256
16.363,256
16.365,256
16.367,256
16.376,256
16.378,256
16.38,256
16.382,320
16.384,256
16.386,256
16.388,256
16.391,256
16.394,256
16.396,256
16.399,256
16.402,256
16.405,256
16.407,256
16.41,256
16.413,256
16.416,256
16.418,256
16.421,256
16.424,256
16.427,256
16.43,256
16.432,256
16.435,256
16.438,256
16.441,256
16.443,256
16.446,256
16.449,256
16.452,256
16.454,256
16.457,256
16.46,256
16.463,256
16.465,256
16.468,256
16.471,256
16.474,256
16.476,256
16.479,256
16.482,256
16.485,256
16.487,256
16.49,256
16.493,256
16.496,256
16.498,256
16.501,256
16.504,256
16.507,256
16.509,256
16.512,256
16.515,256
16.518,256
16.52,256
16.523,256
16.526,256
16.529,256
16.531,256
16.534,256
16.537,256
16.54,256
16.542,256
16.545,256
16.548,256
16.551,256
16.553,256
16.556,256
16.559,256
16.714,256
16.718,256
16.723,256
16.727,256
16.732,256
16.739,256
16.744,256
16.748,256
16.753,256
16.762,256
16.767,256
16.771,256
16.776,256
16.783,256
16.788,256
16.792,256
18.032,256
18.069,256
18.072,256
18.106,256
18.109,256
18.143,256
18.146,256
18.18,256
18.183,256
18.217,256
18.22,256
18.254,256
18.257,256
18.26,256
18.291,256
18.294,256
18.297,256
18.3,256
18.331,256
18.334,256
18.337,256
18.34,256
18.342,256
18.371,256
18.374,256
18.377,256
18.38,256
18.408,256
18.555,256
18.588,256
18.593,128
18.627,256
18.666,256
18.671,256
18.71,256
18.715,256
18.719,256
18.754,256
18.759,256
18.793,256
18.798,256
19.829,256
19.865,256
19.867,256
19.901,256
19.903,256
19.939,256
19.941,256
19.943,256
19.977,256
19.979,256
20.013,256
20.015,256
20.049,256
20.051,256
20.053,256
20.085,256
20.087,256
20.089,256
20.091,256
20.123,256
20.125,256
20.127,256
20.129,256
20.161,256
20.163,256
20.165,256
20.167,256
20.169,256
20.199,256
20.201,256
20.203,256
20.205,256
20.235,256
20.237,256
20.239,256
20.241,256
20.243,256
20.271,256
20.273,256
20.276,256
20.279,256
20.282,256
20.284,256
20.31,256
20.313,256
20.316,256
20.319,256
20.321,256
20.324,256
20.327,256
20.35,256
20.353,256
20.356,256
20.359,256
20.361,256
20.364,256
20.387,256
20.39,256
20.393,256
20.396,256
20.398,256
20.401,256
20.424,256
20.427,256
20.43,256
20.433,256
20.435,256
20.438,256
20.441,256
20.461,256
20.464,256
20.467,256
20.47,256
20.472,256
20.475,256
20.478,256
20.481,256
20.501,256
20.504,256
20.507,256
20.51,256
20.512,256
20.515,256
20.518,256
20.521,256
20.523,256
20.541,256
20.544,256
20.547,0
20.55,256
20.554,256
20.559,256
20.563,256
20.568,256
20.58,256
20.585,256
20.589,256
20.594,256
20.598,256
20.603,256
20.607,256
20.612,256
20.619,256
20.624,256
20.628,256
20.933,256
20.933,256
21.968,256
22.203,256
22.203,256
22.238,256
22.238,256
22.273,256
22.274,256
22.309,256
22.31,256
22.31,256
22.345,256
22.346,256
22.38,256
22.381,256
22.415,256
22.416,256
22.417,256
22.45,256
22.451,256
22.452,256
22.453,256
22.486,256
22.487,256
22.488,256
22.489,256
22.522,256
22.523,256
22.524,256
22.525,256
22.526,256
22.558,256
22.559,256
22.56,256
22.561,256
22.594,256
22.595,256
22.596,256
22.598,256
22.599,256
22.63,256
22.631,256
22.632,256
22.634,256
22.635,256
22.636,256
22.667,256
22.668,256
22.67,256
22.671,256
22.673,256
22.674,256
22.675,256
22.704,256
22.705,256
22.707,256
22.708,256
22.71,256
22.711,256
22.74,256
22.741,256
22.743,256
22.744,256
22.746,256
22.747,256
22.776,256
22.777,256
22.779,256
22.78,256
22.782,256
22.783,256
22.784,256
22.812,256
22.813,256
22.815,256
22.816,256
22.818,256
22.82,256
22.821,256
22.823,256
22.849,256
22.851,256
22.853,256
22.855,256
22.857,256
22.859,256
22.861,256
22.863,256
22.865,256
22.887,256
22.889,256
22.891,256
22.893,256
22.895,256
22.897,256
22.899,256
22.901,256
22.923,256
22.925,256
22.927,256
22.929,256
22.931,256
22.933,256
22.935,256
22.937,256
22.959,256
22.961,256
22.963,256
22.965,256
22.967,256
22.969,256
22.972,256
22.974,256
22.977,256
22.996,256
22.999,256
23.002,256
23.005,256
23.007,256
23.01,256
23.013,256
23.016,256
23.018,256
23.021,256
23.036,256
23.039,256
23.042,256
23.045,256
23.047,256
23.05,256
23.053,256
23.056,256
23.058,256
23.061,256
23.064,256
23.076,256
23.079,256
23.082,256
23.085,256
23.087,256
23.09,256
23.093,256
23.096,256
23.098,256
23.101,256
23.113,256
23.116,256
23.119,256
23.122,256
23.124,256
23.127,256
23.13,256
23.133,256
23.135,256
23.138,256
23.141,256
23.152,256
23.157,256
23.161,256
23.166,256
23.17,256
23.175,256
23.179,256
23.184,256
23.188,256
23.193,256
23.197,256
23.202,256
23.206,256
23.211,256
23.215,256
23.22,256
23.224,256
23.229,256
23.233,256
23.238,256
24.274,256
24.31,256
24.312,256
24.346,256
24.348,256
24.382,256
24.384,256
24.418,256
24.42,256
24.454,256
24.455,256
24.457,256
24.49,256
24.491,256
24.493,256
24.494,256
24.527,256
24.528,256
24.53,256
24.531,256
24.533,256
24.564,256
24.565,256
24.567,256
24.568,256
24.6,256
24.602,256
24.604,256
24.606,256
24.636,256
24.638,256
24.64,256
24.642,256
24.644,256
24.672,256
24.674,256
24.676,256
24.678,256
24.68,256
24.682,256
24.71,256
24.712,256
24.714,256
24.716,256
24.718,256
24.72,256
24.722,256
24.748,256
24.75,256
24.752,256
24.754,256
24.756,256
24.758,256
24.784,256
24.786,256
24.788,256
24.79,256
24.792,256
24.794,256
24.82,256
24.822,256
24.824,256
24.826,256
24.828,256
24.83,256
24.832,256
24.856,256
24.858,256
24.86,256
24.862,256
24.864,256
24.866,256
24.868,256
24.87,256
24.894,256
24.896,256
24.898,256
24.9,256
24.902,256
24.904,256
24.906,256
24.908,256
24.91,100
24.932,256
24.934,256
24.936,256
24.938,256
24.94,256
24.942,256
24.944,256
24.946,256
24.968,256
24.97,256
24.972,256
24.974,256
24.976,256
24.978,256
24.98,256
24.982,256
25.005,256
25.008,256
25.011,256
25.014,256
25.016,256
25.019,256
25.022,256
25.025,256
25.027,256
25.042,256
25.045,256
25.048,256
25.051,256
25.053,256
25.056,256
25.059,256
25.062,256
25.064,256
25.067,256
25.082,256
25.085,256
25.088,256
25.091,256
25.093,256
25.096,256
25.099,256
25.102,256
25.104,256
25.107,256
25.11,256
25.122,256
25.125,256
25.128,256
25.131,256
25.133,256
25.136,256
25.139,256
25.142,256
25.144,256
25.147,256
25.159,256
25.162,256
25.165,256
25.168,256
25.17,256
25.173,256
25.176,256
25.179,256
25.181,256
25.184,256
25.187,256
25.196,256
25.199,256
25.202,256
25.205,256
25.207,256
25.21,256
25.213,256
25.216,256
25.218,256
25.221,256
25.224,256
25.227,256
25.236,256
25.239,256
25.242,256
25.245,256
25.247,256
25.25,256
25.253,256
25.256,256
25.258,256
25.261,256
25.264,256
25.267,256
25.272,256
25.278,256
25.283,256
25.287,256
25.292,256
25.296,256
25.301,256
25.504,256
25.548,256
25.552,256
25.557,256
25.565,256
25.585,256
25.592,256
25.6,256
26.636,256
26.672,256
26.673,256
26.709,256
26.71,256
26.711,256
26.746,256
26.747,256
26.781,256
26.782,256
26.816,256
26.817,256
26.818,256
26.851,256
26.852,256
26.853,256
26.854,256
26.887,256
26.888,256
26.889,256
26.89,256
26.89,256
26.923,256
26.924,256
26.925,256
26.926,256
26.958,256
26.959,256
26.96,256
26.961,256
26.993,256
26.994,256
26.994,256
26.995,256
26.996,256
27.028,256
27.029,256
27.029,256
27.03,256
27.031,256
27.031,256
27.064,256
27.065,256
27.065,256
27.066,256
27.066,256
27.067,256
27.067,256
27.1,256
27.1,256
27.101,256
27.101,256
27.102,256
27.102,256
27.135,256
27.135,256
27.136,256
27.136,256
27.137,256
27.137,256
27.17,256
27.17,256
27.171,256
27.171,256
27.172,256
27.172,256
27.172,256
27.205,256
27.205,256
27.206,256
27.206,256
27.206,256
27.207,256
27.207,256
27.207,256
27.24,256
27.24,256
27.241,256
27.241,256
27.241,256
27.242,256
27.242,256
27.242,256
27.243,256
27.275,256
27.275,256
27.276,256
27.276,256
27.276,256
27.277,256
27.277,256
27.277,256
27.31,256
27.31,256
27.311,256
27.311,256
27.312,256
27.312,256
27.312,256
27.313,256
27.345,256
27.345,256
27.346,256
27.346,256
27.347,256
27.347,256
27.348,256
27.348,256
27.349,256
27.38,256
27.38,256
27.381,256
27.381,256
27.382,256
27.382,256
27.383,256
27.383,256
27.384,256
27.384,256
27.415,256
27.416,256
27.416,256
27.417,256
27.418,256
27.418,256
27.419,256
27.419,256
27.42,256
27.421,256
27.421,256
27.451,256
27.452,256
27.452,256
27.453,256
27.454,256
27.454,256
27.455,256
27.456,256
27.456,256
27.457,256
27.486,256
27.487,256
27.487,256
27.488,256
27.489,256
27.489,256
27.49,256
27.491,256
27.491,256
27.492,256
27.493,256
27.521,256
27.522,256
27.523,256
27.524,256
27.524,256
27.525,256
27.526,256
27.527,256
27.527,256
27.528,256
27.529,256
27.53,256
27.557,256
27.558,256
27.559,256
27.56,256
27.56,256
27.561,256
27.562,256
27.563,320
27.563,256
27.564,256
27.565,256
27.566,256
27.566,256
27.593,256
27.594,256
27.595,256
27.596,256
27.597,256
27.598,256
27.599,256
27.6,256
27.601,256
27.602,256
27.603,256
27.604,256
27.628,256
27.629,256
27.63,256
27.631,256
27.632,256
27.633,256
27.634,256
27.635,256
27.636,256
27.637,256
27.638,256
27.639,256
27.663,256
27.664,256
27.665,256
27.666,256
27.667,256
27.668,256
27.669,256
27.67,256
27.671,256
27.672,256
27.673,160
27.674,256
27.675,256
27.699,256
27.7,256
27.701,256
27.703,256
27.704,256
27.705,256
27.706,256
27.708,256
27.709,256
27.71,256
27.711,256
27.713,256
27.714,256
27.715,256
27.736,256
27.737,256
27.738,256
27.74,256
27.741,256
27.742,256
27.743,256
27.745,256
27.746,256
27.747,256
27.748,256
27.75,256
27.751,256
27.752,256
27.754,256
27.773,256
27.774,256
27.775,256
27.777,256
27.778,256
27.779,256
27.78,256
27.782,256
27.783,256
27.784,256
27.785,256
27.787,256
27.788,256
27.789,256
27.809,256
27.81,256
27.812,256
27.813,256
27.815,256
27.816,256
27.817,256
27.819,256
27.82,256
27.822,256
27.823,256
27.824,256
27.826,256
27.827,256
27.829,256
27.845,256
27.846,256
27.848,480
27.849,256
27.851,256
27.852,256
27.853,256
27.855,256
27.856,256
27.858,256
27.859,256
27.86,256
27.862,256
27.863,256
27.865,256
27.866,256
27.882,256
27.883,256
27.885,256
27.886,256
27.888,256
27.889,256
27.89,256
27.892,256
27.893,256
27.895,256
27.896,256
27.897,256
27.899,256
27.9,256
27.902,256
27.903,256
27.905,256
27.919,256
27.92,256
27.922,256
27.923,256
27.925,256
27.926,256
27.927,256
27.929,256
27.93,256
27.932,256
27.933,256
27.934,256
27.936,256
27.937,256
27.939,256
27.94,256
27.955,256
27.957,256
27.959,256
27.961,256
27.963,256
27.965,256
27.967,256
27.969,256
27.971,256
27.973,256
27.975,256
27.977,256
27.979,256
27.98,256
27.982,256
27.984,256
27.986,256
27.991,256
27.993,256
27.995,256
27.997,256
27.999,256
28.001,256
28.003,256
28.005,256
28.007,256
28.009,256
28.011,256
28.013,256
28.015,256
28.016,256
28.018,256
28.02,256
28.022,256
28.024,256
28.026,256
28.028,256
28.03,256
28.032,100
28.034,256
28.036,256
28.038,256
28.04,256
28.042,256
28.043,256
28.045,256
28.047,256
28.049,256
28.051,256
28.053,256
28.055,256
28.057,256
28.059,256
28.061,256
28.063,256
28.065,256
28.067,256
28.069,256
28.07,256
28.072,256
28.074,256
28.076,256
28.078,256
28.08,256
28.082,256
28.084,256
28.086,256
28.088,256
28.09,256
28.092,256
28.094,256
28.096,256
28.097,256
28.099,256
28.102,256
28.105,256
28.108,256
28.11,256
28.113,256
28.116,256
28.119,256
28.121,256
28.124,256
28.127,256
28.13,256
28.132,256
28.135,256
28.138,256
28.141,256
28.143,256
28.146,256
28.149,256
28.152,256
28.154,256
28.157,256
28.16,256
28.163,256
28.165,256
28.168,256
28.171,256
28.174,256
28.176,256
28.179,256
28.182,256
28.185,256
28.187,256
28.19,256
28.193,256
28.196,256
28.199,256
28.201,256
28.204,256
28.207,256
28.21,256
28.212,256
28.215,256
28.218,256
28.221,256
28.223,256
28.226,256
28.229,256
28.232,256
28.234,256
28.237,256
28.24,256
28.243,256
28.245,256
28.248,256
28.251,256
28.254,256
28.256,256
28.259,256
28.262,256
28.265,256
28.267,64
28.27,256
28.274,256
28.278,256
28.283,256
28.287,256
28.292,256
28.296,256
28.301,256
28.305,256
29.337,256
29.373,256
29.375,256
29.409,256
29.411,256
29.413,256
29.415,256
29.447,256
29.449,256
29.451,256
29.453,256
29.485,256
29.487,256
29.489,256
29.491,256
29.523,256
29.525,256
29.527,256
29.529,256
29.531,256
29.561,256
29.563,256
29.565,256
29.567,256
29.597,256
29.599,256
29.601,256
29.603,256
29.605,256
29.633,256
29.635,256
29.637,256
29.639,256
29.641,256
29.643,256
29.671,256
29.673,256
29.675,256
29.677,256
29.679,256
29.681,256
29.709,256
29.711,256
29.713,256
29.715,256
29.717,256
29.719,256
29.721,256
29.747,256
29.749,256
29.751,256
29.753,256
29.755,256
29.757,256
29.783,256
29.785,256
29.787,256
29.789,256
29.791,256
29.793,256
29.795,256
29.819,256
29.821,256
29.823,0
29.825,256
29.827,256
29.829,256
29.831,256
29.833,256
29.857,256
29.859,256
29.861,256
29.863,256
29.865,256
29.867,256
29.869,256
29.871,256
29.873,256
29.895,256
29.897,256
29.899,256
29.901,256
29.903,256
29.905,256
29.907,256
29.909,256
29.931,256
29.933,256
29.935,256
29.937,256
29.939,256
29.941,256
29.943,256
29.945,256
29.967,256
29.969,256
29.971,256
29.973,256
29.975,256
29.977,256
29.979,256
29.981,256
29.983,256
30.003,256
30.005,256
30.007,256
30.009,256
30.011,256
30.013,256
30.015,256
30.017,480
30.019,256
30.021,256
30.041,256
30.043,256
30.045,256
30.047,256
30.049,256
30.051,256
30.053,256
30.055,256
30.057,256
30.059,256
30.061,256
30.079,256
30.081,256
30.083,256
30.085,256
30.088,256
30.091,256
30.093,256
30.096,256
30.099,256
30.102,256
30.116,256
30.119,256
30.122,256
30.125,256
30.127,256
30.13,256
30.133,0
30.136,256
30.138,256
30.141,256
30.144,256
30.153,256
30.156,256
30.159,256
30.162,256
30.164,256
30.167,256
30.17,256
30.173,256
30.175,256
30.178,256
30.181,256
30.184,256
30.193,256
30.196,256
30.199,256
30.202,256
30.204,256
30.207,256
30.21,256
30.213,256
30.215,256
30.218,256
30.221,256
30.224,256
30.226,256
30.233,256
30.236,256
30.239,256
30.242,256
30.244,256
30.247,256
30.25,256
30.253,256
30.255,256
30.258,256
30.261,256
30.264,256
30.27,256
30.273,256
30.276,256
30.279,256
30.281,256
30.284,256
30.287,256
30.29,256
30.292,256
30.295,256
30.298,256
30.301,256
30.307,256
30.31,256
30.313,256
30.316,256
30.318,256
30.321,256
30.324,256
30.327,256
30.329,256
30.332,256
30.335,256
30.338,256
30.34,256
30.344,256
30.347,256
30.35,256
30.353,256
30.356,256
30.361,256
30.365,256
30.37,256
30.374,256
30.534,256
30.538,256
30.543,256
30.559,256
31.596,256
31.633,256
31.636,256
31.67,256
31.707,256
31.71,256
31.713,256
31.747,256
31.75,256
31.784,256
32.035,256
32.065,256
32.07,256
32.109,256
32.114,256
32.153,256
32.158,256
32.162,256
32.197,256
32.202,256
32.236,256
32.241,256
32.275,256
32.28,256
32.284,256
32.317,256
33.32,256
33.355,256
33.356,256
33.39,256
33.425,256
33.426,256
33.461,256
33.462,256
33.463,256
33.497,256
33.498,256
33.532,256
33.533,256
33.567,256
33.568,256
33.569,256
33.602,256
33.603,256
33.604,256
33.605,256
33.638,256
33.639,256
33.639,256
33.64,256
33.674,256
33.675,256
33.675,256
33.676,256
33.677,256
33.71,256
33.711,256
33.711,256
33.712,256
33.745,256
33.746,256
33.746,256
33.747,256
33.748,256
33.78,256
33.781,256
33.781,256
33.782,256
33.783,256
33.783,256
33.816,256
33.817,256
33.817,256
33.818,256
33.819,256
33.819,256
33.82,256
33.852,256
33.853,256
33.853,256
33.854,256
33.855,256
33.855,256
33.887,256
33.888,256
33.888,256
33.889,256
33.89,256
33.89,256
33.922,256
33.923,256
33.923,256
33.924,256
33.925,256
33.925,256
33.926,256
33.957,256
33.958,256
33.958,256
33.959,256
33.96,256
33.96,256
33.961,256
33.962,256
33.993,256
33.994,256
33.995,256
33.996,256
33.996,256
33.997,128
33.998,256
33.999,256
33.999,256
34.029,256
34.03,256
34.031,256
34.032,256
34.032,256
34.033,256
34.034,256
34.035,256
34.064,256
34.065,256
34.066,256
34.067,256
34.067,256
34.068,256
34.069,256
34.07,256
34.099,256
34.1,256
34.101,256
34.102,256
34.102,256
34.103,256
34.104,256
34.105,256
34.105,256
34.134,256
34.135,256
34.136,256
34.137,256
34.138,256
34.139,256
34.14,256
34.141,256
34.142,256
34.143,256
34.17,256
34.171,256
34.172,256
34.173,256
34.174,256
34.175,256
34.176,256
34.177,256
34.178,256
34.179,256
34.18,256
34.206,256
34.207,256
34.208,256
34.209,256
34.21,256
34.211,256
34.212,256
34.213,256
34.214,256
34.215,256
34.241,256
34.242,256
34.243,256
34.244,256
34.245,256
34.246,256
34.247,256
34.248,256
34.249,256
34.251,256
34.252,256
34.277,256
34.278,160
34.279,256
34.281,256
34.282,256
34.283,256
34.284,256
34.286,256
34.287,256
34.288,256
34.289,256
34.291,256
34.314,256
34.315,256
34.316,256
34.318,256
34.319,256
34.32,256
34.321,256
34.323,256
34.324,256
34.325,256
34.326,256
34.328,256
34.329,256
34.351,256
34.352,256
34.353,256
34.355,256
34.356,256
34.357,256
34.358,256
34.36,256
34.361,256
34.362,256
34.363,256
34.365,256
34.387,256
34.388,256
34.39,256
34.391,256
34.393,256
34.394,256
34.395,256
34.397,256
34.398,256
34.4,256
34.401,256
34.402,256
34.423,256
34.424,256
34.426,256
34.427,256
34.429,256
34.43,256
34.431,256
34.433,256
34.434,256
34.436,256
34.437,256
34.438,256
34.44,256
34.459,40
34.46,256
34.462,256
34.463,256
34.465,256
34.466,256
34.467,256
34.469,256
34.47,256
34.472,256
34.473,256
34.474,256
34.476,256
34.477,256
34.496,256
34.497,256
34.499,256
34.5,256
34.502,256
34.503,256
34.504,256
34.506,256
34.507,256
34.509,256
34.51,256
34.511,256
34.513,256
34.514,256
34.516,256
34.533,256
34.534,256
34.536,256
34.538,256
34.54,256
34.542,256
34.544,256
34.545,256
34.547,256
34.549,256
34.551,256
34.553,256
34.555,256
34.557,256
34.569,256
34.571,256
34.573,256
34.575,256
34.577,256
34.579,256
34.581,256
34.583,256
34.585,256
34.587,256
34.589,256
34.591,256
34.593,256
34.594,256
34.596,256
34.605,256
34.607,256
34.609,256
34.611,256
34.613,256
34.615,256
34.617,256
34.619,128
34.621,256
34.623,256
34.625,256
34.627,256
34.629,256
34.63,256
34.632,40
34.634,256
34.643,256
34.645,256
34.647,256
34.649,256
34.651,256
34.653,256
34.655,256
34.657,256
34.659,128
34.661,256
34.663,256
34.665,256
34.667,256
34.668,256
34.67,256
34.672,256
34.674,256
34.681,256
34.683,256
34.685,64
34.687,256
34.689,256
34.691,256
34.694,256
34.696,256
34.699,256
34.702,256
34.705,256
34.707,256
34.71,256
34.713,256
34.716,256
34.718,256
34.721,256
34.724,256
34.727,256
34.729,256
34.732,256
34.735,256
34.738,256
34.74,256
34.743,256
34.746,256
34.749,256
34.751,256
34.754,256
34.757,256
34.76,256
34.762,256
34.765,256
34.768,256
34.771,256
34.773,256
34.776,256
34.779,256
34.782,256
34.784,256
34.787,256
34.79,256
34.793,256
34.796,256
34.798,256
34.801,256
34.804,256
34.807,256
34.809,256
34.812,256
34.815,256
34.818,256
34.82,256
34.823,256
34.826,256
34.829,256
34.831,256
34.834,256
34.837,256
34.84,256
34.842,256
34.845,256
34.848,256
34.851,256
34.853,256
34.856,256
34.859,256
34.862,256
34.865,256
34.869,256
34.874,256
34.878,256
34.883,256
34.887,256
34.892,256
34.897,256
34.901,256
34.906,256
34.91,256
34.915,256
34.919,256
34.924,256
34.928,256
34.933,256
34.937,256
34.942,256
34.946,256
34.951,256
34.955,256
34.96,256
34.964,256
34.969,256
34.973,256
34.978,256
34.982,256
34.987,256
34.991,256
36.027,256
36.063,256
36.064,256
36.099,256
36.1,256
36.101,256
36.103,256
36.135,256
36.136,256
36.137,256
36.139,256
36.171,256
36.172,256
36.173,256
36.175,480
36.207,256
36.208,256
36.209,256
36.211,256
36.212,256
36.243,256
36.244,256
36.245,256
36.247,256
36.248,256
36.249,256
36.28,256
36.281,256
36.282,256
36.284,256
36.285,256
36.286,256
36.287,256
36.317,256
36.318,256
36.319,256
36.321,256
36.322,256
36.323,256
36.353,256
36.354,256
36.355,256
36.357,256
36.358,256
36.359,256
36.389,256
36.39,256
36.391,256
36.393,256
36.394,256
36.395,256
36.396,256
36.425,256
36.426,256
36.427,256
36.429,256
36.43,256
36.431,256
36.432,256
36.434,256
36.462,256
36.463,256
36.465,256
36.466,256
36.467,256
36.469,256
36.47,256
36.472,256
36.473,256
36.499,256
36.5,256
36.502,256
36.503,256
36.505,256
36.506,256
36.507,256
36.509,256
36.535,256
36.536,256
36.538,256
36.539,256
36.541,256
36.542,256
36.543,256
36.545,256
36.571,256
36.572,256
36.574,256
36.575,256
36.577,256
36.578,256
36.579,256
36.581,256
36.582,256
36.607,256
36.608,256
36.61,256
36.611,256
36.613,256
36.614,256
36.615,256
36.617,256
36.618,256
36.62,256
36.644,256
36.645,256
36.647,256
36.648,256
36.65,256
36.651,256
36.652,256
36.654,256
36.655,256
36.657,256
36.658,256
36.681,256
36.682,256
36.684,256
36.685,256
36.687,256
36.688,256
36.689,160
36.691,256
36.692,320
36.694,256
36.717,256
36.719,256
36.721,256
36.723,256
36.725,256
36.727,256
36.729,256
36.731,256
36.733,256
36.735,256
36.737,256
36.753,256
36.755,256
36.757,256
36.759,256
36.761,256
36.763,256
36.765,256
36.767,256
36.769,256
36.771,256
36.773,256
36.775,256
36.791,256
36.793,256
36.795,256
36.797,256
36.799,256
36.801,256
36.803,256
36.805,256
36.807,256
36.809,256
36.811,256
36.813,256
36.815,256
36.829,256
36.831,256
36.833,256
36.835,128
36.837,256
36.839,256
36.841,256
36.843,256
36.845,256
36.847,256
36.849,256
36.851,256
36.865,256
36.867,256
36.869,256
36.871,256
36.873,256
36.875,256
36.877,256
36.879,256
36.881,256
36.883,256
36.885,256
36.887,256
36.902,256
36.905,256
36.908,256
36.911,256
36.913,256
36.916,256
36.919,256
36.922,256
36.924,256
36.927,256
36.93,256
36.933,256
36.935,256
36.939,256
36.942,256
36.945,256
36.948,256
36.95,256
36.953,256
36.956,256
36.959,256
36.961,256
36.964,256
36.967,256
36.97,256
36.972,256
36.975,256
36.978,256
36.981,256
36.983,256
36.986,256
36.989,256
36.992,256
36.994,256
36.997,256
37.0,256
37.003,256
37.005,256
37.008,256
37.011,256
37.014,256
37.016,256
37.019,256
37.022,256
37.025,256
37.027,256
37.03,256
37.033,256
37.036,256
37.038,256
37.041,256
37.044,256
37.047,256
37.049,256
37.052,256
37.055,256
37.058,256
37.06,256
37.063,256
37.066,256
37.069,256
37.071,256
37.074,256
37.077,256
37.08,256
37.082,256
37.085,256
37.088,256
40.152,256
40.153,256
40.188,256
40.224,256
40.225,256
40.261,256
40.262,256
40.298,256
40.299,256
40.3,256
40.335,256
40.336,256
40.371,256
40.372,256
40.407,256
40.408,256
40.409,256
40.443,256
40.444,256
40.445,256
40.447,256
40.48,256
40.481,256
40.482,256
40.484,256
40.517,256
40.518,256
40.519,256
40.521,256
40.522,256
40.554,256
40.555,256
40.556,256
40.558,256
40.59,256
40.591,256
40.592,256
40.594,256
40.595,256
40.626,256
40.627,256
40.628,256
40.63,256
40.631,256
40.632,256
40.663,256
40.664,256
40.665,256
40.667,256
40.668,256
40.669,256
40.67,256
40.7,256
40.701,256
40.703,256
40.704,256
40.706,256
40.707,256
40.736,256
40.737,256
40.739,256
40.74,256
40.742,256
40.743,256
40.772,256
40.773,256
40.775,256
40.776,256
40.778,256
40.779,80
40.78,256
40.808,256
40.809,256
40.811,256
40.812,256
40.814,256
40.815,256
40.816,256
40.818,256
40.845,256
40.846,256
40.848,256
40.849,256
40.851,256
40.852,256
40.853,256
40.855,256
40.856,256
40.882,256
40.883,256
40.885,256
40.886,256
40.888,256
40.889,256
40.89,256
40.892,256
40.918,256
40.919,256
40.921,256
40.922,256
40.924,256
40.925,256
40.926,256
40.928,256
40.954,256
40.955,256
40.957,256
40.958,256
40.959,256
40.96,256
40.962,256
40.963,256
40.964,256
40.99,256
40.991,256
40.992,256
40.994,256
40.995,256
40.996,256
40.997,256
40.999,256
41.0,256
41.001,256
41.027,256
41.028,256
41.029,256
41.031,256
41.032,256
41.033,256
41.034,256
41.036,256
41.037,256
41.038,256
41.039,256
41.064,256
41.065,256
41.066,480
41.068,256
41.069,256
41.07,256
41.071,480
41.073,256
41.074,40
41.075,256
41.1,256
41.101,256
41.102,256
41.104,256
41.105,256
41.106,256
41.107,256
41.109,256
41.11,256
41.111,256
41.112,256
41.136,256
41.137,256
41.138,256
41.14,256
41.141,256
41.142,256
41.143,256
41.145,256
41.146,256
41.147,256
41.148,256
41.15,256
41.173,256
41.174,256
41.175,256
41.177,256
41.178,256
41.179,256
41.18,256
41.182,256
41.183,256
41.184,256
41.185,256
41.187,256
41.188,256
41.21,256
41.211,256
41.212,256
41.214,100
41.215,256
41.216,256
41.217,256
41.219,256
41.22,256
41.221,256
41.222,256
41.224,256
41.246,256
41.247,256
41.248,256
41.25,256
41.251,256
41.252,256
41.253,256
41.255,256
41.256,256
41.257,256
41.258,256
41.26,256
41.282,256
41.283,256
41.284,256
41.286,256
41.287,256
41.288,256
41.289,256
41.291,256
41.292,256
41.293,256
41.294,256
41.296,256
41.297,256
41.318,256
41.319,256
41.32,256
41.322,256
41.323,256
41.324,256
41.325,256
41.327,256
41.328,256
41.329,256
41.33,256
41.332,256
41.333,256
41.334,256
41.355,256
41.356,256
41.357,256
41.359,256
41.36,256
41.361,256
41.362,256
41.364,256
41.365,256
41.366,256
41.367,256
41.369,256
41.37,256
41.371,256
41.373,256
41.392,256
41.393,256
41.394,256
41.396,256
41.397,256
41.398,256
41.399,256
41.401,256
41.402,256
41.403,256
41.404,256
41.406,256
41.407,256
41.408,256
41.428,256
41.429,256
41.43,256
41.432,256
41.433,256
41.434,256
41.435,256
41.437,256
41.438,256
41.439,256
41.44,256
41.442,256
41.443,256
41.444,256
41.446,256
41.464,256
41.465,256
41.466,256
41.468,256
41.469,256
41.47,256
41.471,256
41.473,256
41.474,256
41.475,256
41.476,256
41.478,256
41.479,256
41.48,256
41.482,256
41.483,256
41.501,256
41.502,256
41.503,256
41.505,256
41.506,256
41.507,256
41.508,256
41.51,256
41.511,256
41.512,256
41.513,256
41.515,256
41.516,256
41.517,256
41.519,256
41.52,256
41.521,256
41.538,256
41.539,256
41.54,256
41.542,256
41.543,256
41.544,256
41.545,256
41.547,256
41.548,256
41.549,64
41.55,256
41.552,256
41.553,256
41.554,256
41.556,256
41.557,256
41.574,256
41.575,256
41.576,256
41.578,256
41.579,256
41.58,256
41.581,256
41.583,256
41.584,256
41.585,256
41.587,256
41.588,256
41.59,256
41.591,256
41.592,256
41.594,256
41.595,256
41.61,256
41.611,256
41.613,256
41.614,256
41.616,256
41.617,256
41.618,256
41.62,256
41.621,256
41.623,256
41.624,256
41.625,256
41.627,256
41.628,256
41.63,256
41.631,256
41.633,256
41.634,256
41.647,256
41.648,256
41.65,256
41.651,256
41.653,256
41.654,256
41.655,256
41.657,256
41.658,256
41.66,256
41.661,256
41.662,256
41.664,256
41.665,256
41.667,256
41.668,256
41.67,256
41.671,256
41.684,256
41.685,256
41.687,256
41.688,256
41.69,256
41.691,256
41.692,256
41.694,256
41.695,256
41.697,256
41.698,256
41.699,256
41.701,256
41.702,256
41.704,256
41.705,256
41.707,256
41.708,256
41.709,256
41.721,256
41.722,256
41.724,256
41.725,256
41.727,256
41.728,256
41.729,256
41.731,256
41.732,256
41.734,256
41.735,256
41.736,256
41.738,256
41.739,256
41.741,256
41.742,256
41.744,256
41.745,256
41.757,256
41.758,256
41.76,256
41.761,256
41.763,256
41.764,256
41.765,256
41.767,256
41.768,256
41.77,256
41.771,256
41.772,256
41.774,256
41.775,256
41.777,256
41.778,256
41.78,256
41.781,256
41.782,256
41.793,256
41.794,256
41.796,256
41.797,256
41.799,256
41.8,256
41.801,256
41.803,256
41.804,256
41.806,256
41.807,256
41.808,256
41.81,256
41.811,256
41.813,256
41.814,256
41.816,256
41.817,256
41.818,256
41.82,256
41.83,256
41.832,256
41.834,256
41.836,256
41.838,256
41.84,256
41.842,256
41.844,256
41.846,256
41.848,256
41.85,256
41.852,256
41.854,256
41.855,256
41.857,256
41.859,256
41.861,256
41.863,256
41.865,256
41.867,256
41.869,256
41.871,256
41.873,256
41.875,256
41.877,256
41.879,256
41.881,256
41.882,256
41.884,256
41.886,256
41.888,256
41.89,256
41.892,256
41.894,256
41.896,256
41.898,256
41.9,256
41.902,256
41.904,256
41.906,256
41.908,256
41.909,256
41.911,256
41.913,40
41.915,256
41.917,256
41.919,256
41.921,256
41.923,256
41.925,256
41.927,256
41.929,256
41.931,256
41.933,256
41.935,256
41.936,256
41.938,256
41.94,256
41.942,256
41.944,256
41.946,256
41.948,256
41.95,256
41.952,256
41.954,256
41.956,256
41.958,256
41.96,256
41.962,256
41.963,256
41.965,256
41.967,256
41.969,256
41.971,256
41.973,256
41.975,256
41.977,256
41.979,256
41.981,256
41.983,256
41.985,256
41.987,256
41.989,80
41.99,256
41.992,256
41.994,256
41.996,256
41.998,256
42.0,256
42.002,256
42.004,256
42.006,256
42.008,256
42.01,256
42.012,256
42.015,256
42.017,256
42.02,256
42.023,256
42.026,256
42.028,256
42.031,256
42.034,256
42.037,256
42.039,256
42.042,256
42.045,256
42.048,256
42.05,256
42.053,256
42.056,256
42.059,256
42.061,256
42.064,256
42.067,256
42.07,256
42.072,256
42.075,256
42.078,256
42.081,256
42.083,256
42.086,256
42.089,256
42.092,256
42.094,256
42.097,256
42.1,256
42.103,256
42.105,256
42.108,256
42.111,256
42.114,256
42.116,256
42.119,256
42.122,256
42.125,256
42.127,256
42.13,256
42.133,256
42.136,256
42.138,256
42.141,256
42.144,256
42.147,256
42.149,256
42.152,256
42.155,256
42.158,256
42.16,256
42.163,256
42.166,256
42.169,256
42.171,256
42.174,256
42.177,256
42.18,256
42.182,256
42.185,256
42.188,256
42.191,256
42.193,256
42.196,256
42.199,256
42.202,256
42.205,256
42.207,256
42.51,256
42.51,256
45.546,256
45.582,256
45.583,256
45.618,256
45.619,256
45.62,256
45.654,256
45.655,256
45.656,256
45.691,256
45.692,256
45.727,256
45.728,256
45.729,256
45.763,256
45.764,256
45.766,256
45.767,256
45.8,256
45.801,256
45.803,256
45.804,256
45.837,256
45.838,256
45.84,256
45.841,256
45.843,256
45.874,256
45.875,256
45.877,256
45.878,256
45.91,256
45.911,256
45.913,256
45.914,256
45.916,256
45.946,40
45.947,256
45.949,256
45.95,256
45.952,256
45.953,256
45.983,256
45.984,256
45.986,256
45.987,256
45.989,256
45.99,256
45.991,256
46.02,256
46.021,256
46.023,256
46.024,256
46.026,256
46.027,256
46.056,256
46.058,256
46.06,256
46.062,256
46.064,256
46.066,256
46.092,256
46.094,256
46.096,256
46.098,256
46.1,256
46.102,256
46.104,256
46.128,256
46.13,256
46.132,256
46.134,256
46.136,256
46.138,256
46.14,256
46.142,256
46.166,256
46.168,256
46.17,256
46.172,256
46.174,256
46.176,256
46.178,256
46.18,256
46.182,256
46.204,256
46.206,256
46.208,256
46.21,256
46.212,256
46.214,256
46.216,256
46.218,256
46.241,256
46.244,256
46.247,256
46.25,256
46.252,256
46.255,256
46.258,256
46.261,256
46.278,256
46.281,256
46.284,256
46.287,256
46.289,256
46.292,256
46.295,256
46.298,256
46.3,256
46.315,256
46.318,480
46.321,256
46.324,256
46.326,256
46.329,256
46.332,256
46.335,256
46.337,256
46.34,256
46.355,256
46.358,256
46.361,256
46.364,256
46.366,256
46.369,256
46.372,256
46.375,256
46.377,256
46.534,256
47.564,256
47.599,256
47.6,256
47.635,256
47.636,256
47.671,256
47.672,256
47.673,256
47.707,256
47.708,256
47.742,256
47.743,256
47.777,256
47.778,256
47.778,256
47.812,256
47.813,256
47.813,256
47.814,256
47.848,256
47.849,256
47.849,256
47.85,256
47.884,256
47.885,256
47.885,256
47.886,256
47.887,256
47.92,256
47.921,256
47.921,256
47.922,256
47.955,256
47.956,256
47.956,256
47.957,256
47.958,256
47.99,256
47.991,256
47.991,256
47.992,256
47.993,256
47.993,256
48.026,256
48.027,256
48.027,256
48.028,256
48.029,256
48.029,256
48.03,256
48.062,256
48.063,256
48.063,256
48.064,256
48.065,256
48.065,256
48.097,256
48.098,256
48.099,256
48.1,256
48.1,256
48.101,256
48.132,256
48.133,256
48.134,256
48.135,256
48.135,256
48.136,256
48.137,160
48.167,256
48.168,256
48.169,256
48.17,256
48.17,256
48.171,256
48.172,256
48.173,256
48.203,256
48.204,256
48.205,256
48.206,256
48.206,256
48.207,256
48.208,256
48.209,256
48.209,256
48.239,256
48.24,256
48.241,256
48.242,256
48.243,256
48.244,256
48.245,256
48.246,256
48.274,256
48.275,256
48.276,256
48.277,256
48.278,256
48.279,256
48.28,256
48.281,256
48.309,256
48.31,256
48.311,256
48.312,256
48.313,256
48.314,256
48.315,256
48.316,256
48.317,256
48.345,256
48.346,256
48.347,256
48.349,256
48.35,256
48.351,256
48.352,256
48.354,256
48.355,256
48.356,256
48.382,256
48.383,256
48.384,256
48.386,256
48.387,256
48.388,256
48.389,256
48.391,256
48.392,256
48.393,256
48.394,256
48.419,256
48.42,256
48.421,256
48.423,256
48.424,256
48.425,256
48.426,256
48.428,256
48.429,256
48.43,256
48.455,256
48.456,256
48.458,256
48.459,256
48.461,256
48.462,256
48.463,256
48.465,256
48.466,256
48.468,256
48.469,256
48.491,256
48.492,256
48.494,256
48.495,256
48.497,256
48.498,256
48.499,256
48.501,256
48.502,256
48.504,256
48.505,256
48.506,256
48.528,256
48.529,256
48.531,256
48.532,256
48.534,256
48.535,256
48.536,256
48.538,256
48.539,256
48.541,256
48.542,256
48.543,256
48.545,256
48.565,256
48.566,256
48.568,256
48.569,256
48.571,256
48.572,256
48.573,256
48.575,256
48.576,256
48.578,256
48.579,256
48.58,256
48.601,256
48.602,256
48.604,256
48.605,256
48.607,256
48.608,256
48.609,256
48.611,256
48.612,256
48.614,256
48.615,256
48.617,256
48.637,256
48.639,256
48.641,256
48.643,256
48.645,256
48.647,256
48.649,256
48.651,256
48.653,256
48.655,256
48.657,256
48.659,256
48.661,256
48.673,256
48.675,256
48.677,256
48.679,256
48.681,256
48.683,256
48.685,256
48.687,256
48.689,256
48.691,256
48.693,256
48.695,256
48.697,256
48.698,256
48.711,256
48.713,256
48.715,256
48.717,256
48.719,256
48.721,256
48.723,256
48.725,256
48.727,256
48.729,256
48.731,256
48.733,256
48.735,256
48.736,256
48.738,256
48.749,256
48.751,256
48.753,256
48.755,256
48.757,256
48.759,256
48.761,256
48.763,256
48.765,256
48.767,256
48.769,256
48.771,256
48.773,256
48.775,256
48.786,256
48.789,256
48.792,256
48.795,256
48.797,256
48.8,40
48.803,256
48.806,256
48.808,256
48.811,256
48.814,256
48.817,256
48.819,256
48.822,256
48.825,256
48.828,256
48.83,256
48.833,256
48.836,256
48.839,256
48.841,256
48.844,256
48.847,256
48.85,256
48.852,256
48.855,256
48.858,256
48.861,256
48.863,256
48.866,256
48.869,256
48.872,256
48.874,256
48.877,256
48.88,256
48.883,256
48.885,256
48.888,256
48.891,256
48.894,256
48.896,256
48.899,256
48.902,256
48.905,256
48.907,256
48.91,256
48.913,256
48.916,256
48.918,256
48.921,256
48.924,256
48.927,256
48.929,256
48.932,256
48.935,256
48.938,256
48.94,256
48.943,256
48.946,256
48.949,256
48.953,256
48.958,256
48.962,256
48.967,256
48.971,256
48.976,256
48.98,256
48.985,256
48.989,256
48.994,256
48.999,256
49.003,256
49.008,256
49.012,256
49.017,256
49.319,256
49.319,256
