time,bytesRx
1.05,536
1.051,536
1.052,536
1.054,536
1.055,536
1.056,536
1.057,536
1.059,536
1.06,536
1.061,536
1.086,536
1.087,536
1.088,536
1.09,536
1.091,536
1.092,536
1.093,536
1.095,536
1.096,536
1.097,536
1.098,536
1.1,536
1.101,536
1.102,536
1.122,536
1.123,536
1.124,536
1.126,536
1.127,536
1.128,536
1.129,536
1.131,536
1.132,536
1.133,536
1.134,536
1.136,536
1.137,536
1.138,536
1.14,536
1.141,536
1.142,536
1.143,536
1.145,536
1.146,536
1.147,536
1.158,536
1.159,536
1.16,536
1.162,536
1.163,536
1.164,536
1.165,536
1.166,536
1.167,536
1.168,536
1.169,536
1.17,536
1.171,536
1.172,536
1.172,536
1.173,536
1.174,536
1.175,536
1.176,536
1.177,536
1.178,536
1.179,536
1.18,536
1.181,536
1.182,536
1.183,536
1.184,536
1.185,536
1.186,536
1.187,536
1.188,536
1.189,536
1.19,536
1.194,536
1.195,536
1.196,536
1.197,536
1.198,536
1.199,536
1.2,536
1.201,536
1.202,536
1.203,536
1.204,536
1.205,536
1.206,536
1.207,536
1.208,536
1.209,536
1.21,536
1.211,536
1.212,536
1.213,536
1.214,536
1.215,536
1.216,536
1.217,536
1.218,536
1.219,536
1.266,536
1.267,536
1.268,536
1.27,536
1.271,536
1.272,536
1.273,536
1.278,536
1.279,536
1.281,536
1.285,536
1.286,536
1.287,536
1.288,536
1.29,536
1.292,536
1.301,536
1.308,536
1.309,536
1.31,536
1.311,536
1.312,536
1.313,536
1.314,536
1.315,536
1.316,536
1.317,536
1.318,536
1.32,536
1.321,536
1.322,536
1.323,536
1.324,536
1.325,536
1.326,536
1.327,536
1.328,536
1.329,536
1.329,536
1.33,536
1.331,536
1.332,536
1.332,536
1.333,536
1.334,536
1.335,536
1.335,536
1.336,536
1.338,536
1.339,536
1.34,536
1.341,536
1.342,536
1.343,536
1.345,536
1.346,536
1.347,536
1.348,536
1.349,536
1.35,536
1.351,536
1.352,536
1.353,536
1.354,536
1.356,536
1.357,536
1.358,536
1.359,536
1.36,536
1.361,536
1.361,536
1.362,536
1.363,536
1.364,536
1.364,536
1.365,536
1.366,536
1.367,536
1.367,536
1.368,536
1.37,536
1.371,536
1.372,536
1.373,536
1.374,536
1.375,536
1.376,536
1.377,536
1.378,536
1.379,536
1.381,536
1.382,536
1.383,536
1.384,536
1.385,536
1.386,536
1.387,536
1.388,536
1.389,536
1.39,536
1.392,536
1.393,536
1.394,536
1.395,536
1.395,536
1.396,536
1.397,536
1.398,536
1.398,536
1.399,536
1.4,536
1.401,536
1.401,536
1.402,536
1.403,536
1.404,536
1.405,536
1.406,536
1.407,536
1.408,536
1.409,536
1.41,536
1.411,536
1.412,536
1.413,536
1.414,536
1.415,536
1.417,536
1.418,536
1.419,536
1.42,536
1.421,536
1.422,536
1.423,536
1.424,536
1.425,536
1.426,536
1.428,536
1.429,536
1.43,536
1.431,536
1.431,536
1.432,536
1.433,536
1.434,536
1.434,536
1.435,536
1.436,536
1.437,536
1.437,536
1.438,536
1.439,536
1.44,536
1.441,536
1.442,536
1.443,536
1.444,536
1.445,536
1.446,536
1.447,536
1.448,536
1.449,536
1.45,536
1.452,536
1.453,536
1.454,536
1.455,536
1.456,536
1.457,536
1.458,536
1.459,536
1.46,536
1.461,536
1.463,536
1.464,536
1.465,536
1.466,536
1.466,536
1.467,536
1.468,536
1.469,536
1.469,536
1.47,536
1.471,536
1.472,536
1.472,536
1.473,536
1.474,536
1.475,536
1.476,536
1.476,536
1.477,536
1.478,536
1.479,536
1.48,536
1.481,536
1.482,536
1.483,536
1.484,536
1.485,536
1.487,536
1.488,536
1.489,536
1.49,536
1.491,536
1.492,536
1.493,536
1.494,536
1.495,536
1.496,536
1.498,536
1.499,536
1.5,536
1.501,536
1.501,536
1.502,536
1.503,536
1.504,536
1.504,536
1.505,536
1.506,536
1.507,536
1.507,536
1.508,536
1.509,536
1.51,536
1.511,536
1.511,536
1.512,536
1.513,536
1.514,536
1.515,536
1.516,536
1.517,536
1.518,536
1.519,536
1.52,536
1.521,536
1.523,536
1.524,536
1.525,536
1.526,536
1.527,536
1.528,536
1.529,536
1.53,536
1.53,536
1.531,536
1.532,536
1.534,536
1.535,536
1.536,536
1.537,536
1.537,536
1.538,536
1.539,536
1.54,536
1.54,536
1.541,536
1.542,536
1.543,536
1.543,536
1.544,536
1.545,536
1.546,536
1.547,536
1.547,536
1.548,536
1.549,536
1.55,536
1.551,536
1.552,536
1.553,536
1.554,536
1.555,536
1.556,536
1.557,536
1.559,536
1.56,536
1.561,536
1.562,536
1.563,536
1.564,536
1.565,536
1.566,536
1.567,536
1.568,536
1.569,536
1.57,536
1.571,536
1.572,536
1.572,536
1.573,536
1.574,536
1.575,536
1.575,536
1.576,536
1.577,536
1.578,536
1.578,536
1.579,536
1.58,536
1.581,536
1.582,536
1.582,536
1.583,536
1.584,536
1.585,536
1.586,536
1.587,536
1.588,536
1.589,536
1.59,536
1.591,536
1.592,536
1.592,536
1.594,536
1.595,536
1.596,536
1.597,536
1.598,536
1.599,536
1.6,536
1.601,536
1.602,536
1.603,536
1.603,536
1.604,536
1.605,536
1.606,536
1.606,536
1.607,536
1.608,536
1.609,536
1.609,536
1.61,536
1.611,536
1.612,536
1.613,536
1.613,536
1.614,536
1.615,536
1.616,536
1.616,536
1.617,536
1.618,536
1.62,536
1.621,536
1.622,536
1.623,536
1.624,536
1.625,536
1.626,536
1.627,536
1.628,536
1.629,536
1.63,536
1.631,536
1.632,536
1.633,536
1.634,536
1.635,536
1.635,536
1.636,536
1.637,536
1.638,536
1.638,536
1.639,536
1.64,536
1.641,536
1.641,536
1.642,536
1.643,536
1.644,536
1.645,536
1.645,536
1.646,536
1.647,536
1.648,536
1.649,536
1.65,536
1.651,536
1.652,536
1.653,536
1.654,536
1.655,536
1.656,536
1.657,536
1.658,536
1.659,536
1.66,536
1.661,536
1.662,536
1.663,536
1.664,536
1.665,536
1.666,536
1.667,536
1.668,536
1.669,536
1.67,536
1.671,536
1.672,536
1.673,536
1.674,536
1.675,536
1.676,536
1.677,536
1.678,536
1.679,536
1.68,536
1.681,536
1.682,536
1.683,536
1.684,536
1.685,536
1.686,536
1.687,536
1.688,536
1.689,536
1.69,536
1.691,536
1.692,536
1.693,536
1.694,536
1.695,536
1.696,536
1.697,536
1.698,536
1.699,536
1.7,536
1.701,536
1.702,536
1.703,536
1.704,536
1.705,536
1.706,536
1.707,536
1.708,536
1.709,536
1.71,536
1.711,536
1.712,536
1.713,536
1.714,536
1.715,536
1.716,536
1.717,536
1.718,536
1.719,536
1.72,536
1.721,536
1.722,536
1.723,536
1.724,536
1.725,536
1.726,536
1.727,536
1.728,536
1.729,536
1.73,536
1.731,536
1.732,536
1.733,536
1.734,536
1.735,536
1.736,536
1.737,536
1.738,536
1.739,536
1.74,536
1.741,536
1.742,536
1.743,536
1.744,536
1.745,536
1.746,536
1.747,536
1.748,536
1.749,536
1.75,536
1.751,536
1.752,536
1.753,536
1.754,536
1.755,536
1.756,536
1.757,536
1.758,536
1.759,536
1.76,536
1.761,536
1.762,536
1.763,536
1.764,536
1.765,536
1.766,536
1.767,536
1.768,536
1.769,536
1.77,536
1.771,536
1.772,536
1.773,536
1.774,536
1.775,536
1.776,536
1.777,536
1.778,536
1.779,536
1.78,536
1.781,536
1.782,536
1.783,536
1.784,536
1.785,536
1.786,536
1.787,536
1.788,536
1.789,536
1.79,536
1.791,536
1.792,536
1.793,536
1.794,536
1.795,536
1.796,536
1.797,536
1.798,536
1.799,536
1.8,536
1.801,536
1.802,536
1.803,536
1.804,536
1.805,536
1.806,536
1.807,536
1.808,536
1.809,536
1.81,536
1.811,536
1.812,536
1.814,536
1.815,536
1.816,536
1.817,536
1.819,536
1.82,536
1.821,536
1.822,536
1.824,536
1.825,536
1.826,536
1.827,536
1.829,536
1.83,536
1.831,536
1.833,536
1.834,536
1.835,536
1.836,536
1.838,536
1.839,536
1.84,536
1.841,536
1.843,536
1.844,536
1.845,536
1.846,536
1.848,536
1.849,536
1.85,536
1.852,536
1.853,536
1.854,536
1.855,536
1.857,536
1.858,536
1.859,536
1.86,536
1.862,536
1.863,536
1.864,536
1.866,536
1.867,536
1.868,536
1.869,536
1.871,536
1.872,536
1.873,536
1.874,536
1.876,536
1.877,536
1.878,536
1.879,536
1.881,536
1.882,536
1.883,536
1.885,536
1.886,536
1.887,536
1.888,536
1.89,536
1.891,536
1.892,536
1.893,536
1.895,536
1.896,536
1.897,536
1.898,536
1.9,536
1.901,536
1.902,536
1.904,536
1.905,536
1.906,536
1.907,536
1.909,536
1.91,536
1.911,536
1.912,536
1.914,536
1.915,536
1.916,536
1.917,536
1.919,536
1.92,536
1.921,536
1.923,536
1.924,536
1.925,536
1.926,536
1.928,536
1.929,536
1.93,536
1.931,536
1.933,536
1.934,536
1.935,536
1.936,536
1.938,536
1.939,536
1.94,536
1.942,536
1.943,536
1.944,536
1.946,536
1.947,536
1.949,536
1.95,536
1.951,536
1.953,536
1.954,536
1.956,536
1.957,536
1.959,536
1.96,536
1.961,536
1.963,536
1.964,536
1.966,536
1.967,536
1.968,536
1.97,536
1.971,536
1.973,536
1.974,536
1.975,536
1.977,536
1.978,536
1.98,536
1.981,536
2.036,536
2.04,536
2.071,536
2.073,536
2.074,536
2.075,536
2.078,536
2.079,536
2.081,536
2.082,536
2.084,536
2.09,536
2.091,536
2.096,536
2.097,536
2.099,536
2.1,536
2.102,536
2.103,536
2.104,536
2.106,536
2.107,536
2.109,536
2.11,536
2.111,536
2.113,536
2.114,536
2.116,536
2.117,536
2.12,536
2.121,536
2.127,536
2.128,536
2.133,536
2.135,536
2.137,536
2.139,536
2.141,536
2.143,536
2.145,536
2.147,536
2.149,536
2.151,536
2.153,536
2.155,536
2.157,536
2.158,536
2.16,536
2.162,536
2.164,536
2.166,536
2.168,536
2.17,536
2.172,536
2.174,536
2.176,536
2.178,536
2.18,536
2.182,536
2.184,536
2.185,536
2.187,536
2.189,536
2.191,536
2.193,536
2.195,536
2.197,536
2.199,536
2.201,536
2.203,536
2.205,536
2.207,536
2.209,536
2.211,536
2.212,536
2.214,536
2.216,536
2.218,536
2.22,536
2.222,536
2.224,536
2.226,536
2.228,536
2.23,536
2.232,536
2.234,536
2.236,536
2.238,536
2.239,536
2.241,536
2.243,536
2.245,536
2.247,536
2.249,536
2.251,536
2.253,536
2.255,536
2.257,536
2.259,536
2.261,536
2.263,536
2.265,536
2.266,536
2.268,536
2.27,536
2.272,536
2.274,536
2.276,536
2.278,536
2.28,536
2.282,536
2.284,536
2.286,536
2.288,536
2.29,536
2.292,536
2.293,536
2.295,536
2.297,536
2.299,536
2.302,536
2.305,536
2.307,536
2.31,536
2.313,536
2.316,536
2.318,536
2.321,536
2.324,536
2.327,536
2.329,536
2.332,536
2.335,536
2.338,536
2.34,536
2.343,536
2.346,536
2.349,536
2.351,536
2.354,536
2.357,536
2.36,536
2.362,536
2.365,536
2.368,536
2.371,536
2.373,536
2.376,536
2.379,536
2.382,536
2.385,536
2.387,536
2.39,536
2.393,536
2.396,536
2.398,536
2.401,536
2.404,536
2.407,536
2.409,536
2.412,536
2.415,536
2.418,536
2.42,536
2.423,536
2.426,536
2.429,536
2.431,536
2.434,536
2.437,536
2.44,536
2.442,536
2.445,536
2.448,536
2.451,536
2.453,536
2.456,536
2.459,536
2.462,536
2.464,536
2.467,536
2.47,536
2.473,536
2.475,536
2.478,536
2.481,536
2.484,536
2.486,536
2.49,536
2.495,536
2.499,536
2.504,536
2.508,536
2.513,536
2.517,536
2.522,536
2.526,536
2.531,536
2.535,536
2.54,536
2.544,536
2.549,536
2.796,536
3.831,536
3.866,536
3.867,536
3.902,536
3.903,536
3.904,536
3.938,536
3.939,536
3.94,536
3.973,536
3.974,536
3.975,536
3.976,536
3.977,536
4.009,536
4.01,536
4.011,536
4.012,536
4.044,536
4.045,536
4.046,536
4.047,536
4.079,536
4.08,536
4.081,536
4.082,536
4.083,536
4.114,536
4.115,536
4.116,536
4.117,536
4.118,536
4.119,536
4.15,536
4.151,536
4.152,536
4.154,536
4.155,536
4.156,536
4.158,536
4.187,536
4.188,536
4.189,536
4.191,536
4.192,536
4.193,536
4.223,536
4.224,536
4.225,536
4.227,536
4.228,536
4.229,536
4.259,536
4.26,536
4.261,536
4.263,536
4.264,536
4.265,536
4.266,536
4.295,536
4.296,536
4.297,536
4.299,536
4.3,536
4.301,536
4.302,536
4.304,536
4.332,536
4.333,536
4.335,536
4.336,536
4.338,536
4.339,536
4.34,536
4.342,536
4.343,536
4.369,536
4.37,536
4.372,536
4.373,536
4.375,536
4.376,536
4.377,536
4.379,536
4.405,536
4.406,536
4.408,536
4.409,536
4.411,536
4.412,536
4.413,536
4.415,536
4.416,536
4.441,536
4.442,536
4.444,536
4.445,536
4.447,536
4.448,536
4.449,536
4.451,536
4.452,536
4.454,536
4.478,536
4.479,536
4.481,536
4.482,536
4.484,536
4.485,536
4.486,536
4.488,536
4.489,536
4.491,536
4.492,536
4.515,536
4.516,536
4.518,536
4.519,536
4.521,536
4.522,536
4.523,536
4.525,536
4.526,536
4.528,536
4.551,536
4.553,536
4.555,536
4.557,536
4.559,536
4.561,536
4.563,536
4.565,536
4.567,536
4.569,536
4.587,536
4.589,536
4.591,536
4.593,536
4.595,536
4.597,536
4.599,536
4.601,536
4.603,536
4.605,536
4.607,536
4.623,536
4.625,536
4.627,536
4.629,536
4.631,536
4.633,536
4.635,536
4.637,536
4.639,536
4.641,536
4.643,536
4.645,536
4.661,536
4.663,536
4.665,536
4.667,536
4.669,536
4.671,536
4.673,536
4.675,536
4.677,536
4.679,536
4.681,536
4.683,536
4.685,536
4.699,536
4.701,536
4.704,536
4.706,536
4.709,536
4.712,536
4.715,536
4.717,536
4.72,536
4.723,536
4.726,536
4.728,536
4.736,536
4.739,536
4.742,536
4.745,536
4.747,536
4.75,536
4.753,536
4.756,536
4.758,536
4.761,536
4.764,536
4.767,536
4.769,536
4.773,536
4.776,536
4.779,536
4.782,536
4.784,536
4.787,536
4.79,536
4.793,536
4.795,536
4.798,536
4.801,536
4.804,536
4.806,536
4.809,536
4.812,536
4.815,536
4.817,536
4.82,536
4.823,536
4.826,536
4.828,536
4.831,536
4.834,536
4.837,536
4.839,536
4.995,536
4.999,536
5.004,536
5.02,536
5.025,536
5.029,536
5.034,536
5.043,536
5.048,536
5.064,536
8.3,536
8.336,536
8.337,536
8.372,536
8.408,536
8.409,536
8.411,536
8.445,536
8.446,536
8.481,536
8.482,536
8.517,536
8.519,536
8.521,536
8.553,536
8.555,536
8.557,536
8.559,536
8.591,536
8.593,536
8.595,536
8.597,536
8.629,536
8.631,536
8.633,536
8.635,536
8.637,536
8.667,536
8.669,536
8.671,536
8.673,536
8.703,536
8.705,536
8.707,536
8.709,536
8.711,536
8.74,536
8.743,536
8.746,536
8.749,536
8.751,536
8.754,536
8.78,536
8.783,536
8.786,536
8.789,536
8.791,536
8.794,536
8.797,536
8.82,536
8.823,536
8.826,536
8.829,536
8.831,536
8.834,536
8.857,536
8.86,536
8.863,536
8.866,536
8.868,536
8.871,536
8.894,536
8.897,536
8.9,536
8.903,536
8.905,536
8.908,536
8.911,536
8.933,536
8.938,536
8.942,536
8.947,536
8.951,536
8.956,536
8.96,536
8.965,536
8.977,536
8.982,536
9.221,536
10.256,536
10.291,536
10.292,536
10.327,536
10.328,536
10.363,536
10.364,536
10.364,536
10.399,536
10.4,536
10.434,536
10.435,536
10.469,536
10.47,536
10.47,536
10.504,536
10.505,536
10.505,536
10.506,536
10.54,536
10.541,536
10.541,536
10.542,536
10.576,536
10.577,536
10.577,536
10.578,536
10.579,536
10.612,536
10.613,536
10.613,536
10.614,536
10.647,536
10.648,536
10.649,536
10.65,536
10.65,536
10.682,536
10.683,536
10.684,536
10.685,536
10.685,536
10.686,536
10.718,536
10.719,536
10.72,536
10.721,536
10.721,536
10.722,536
10.723,536
10.754,536
10.755,536
10.756,536
10.757,536
10.758,536
10.759,536
10.789,536
10.79,536
10.791,536
10.792,536
10.793,536
10.794,536
10.824,536
10.825,536
10.826,536
10.827,536
10.828,536
10.829,536
10.83,536
10.86,536
10.861,536
10.862,536
10.864,536
10.865,536
10.866,536
10.867,536
10.869,536
10.897,536
10.898,536
10.899,536
10.901,536
10.902,536
10.903,536
10.904,536
10.906,536
10.907,536
10.934,536
10.935,536
10.936,536
10.938,536
10.939,536
10.94,536
10.941,536
10.943,536
10.97,536
10.971,536
10.973,536
10.974,536
10.976,536
10.977,536
10.978,536
10.98,536
11.006,536
11.007,536
11.009,536
11.01,536
11.012,536
11.013,536
11.014,536
11.016,536
11.017,536
11.042,536
11.043,536
11.045,536
11.046,536
11.048,536
11.049,536
11.05,536
11.052,536
11.053,536
11.055,536
11.079,536
11.08,536
11.082,536
11.083,536
11.085,536
11.086,536
11.087,536
11.089,536
11.09,536
11.092,536
11.093,536
11.116,536
11.117,536
11.119,536
11.12,536
11.122,536
11.124,536
11.125,536
11.127,536
11.129,536
11.131,536
11.152,536
11.154,536
11.156,536
11.158,536
11.16,536
11.162,536
11.164,536
11.166,536
11.168,536
11.17,536
11.172,536
11.188,536
11.19,536
11.192,536
11.194,536
11.196,536
11.198,536
11.2,536
11.202,536
11.204,536
11.206,536
11.208,536
11.21,536
11.226,536
11.228,536
11.23,536
11.232,536
11.234,536
11.236,536
11.238,536
11.24,536
11.242,536
11.244,536
11.246,536
11.248,536
11.25,536
11.264,536
11.266,536
11.268,536
11.27,536
11.272,536
11.274,536
11.276,536
11.278,536
11.28,536
11.282,536
11.284,536
11.287,536
11.301,536
11.304,536
11.307,536
11.31,536
11.312,536
11.315,536
11.318,536
11.321,536
11.323,536
11.326,536
11.329,536
11.332,536
11.338,536
11.341,536
11.344,536
11.347,536
11.349,536
11.352,536
11.355,536
11.358,536
11.36,536
11.363,536
11.366,536
11.369,536
11.371,536
11.375,536
11.378,536
11.381,536
11.384,536
11.386,536
11.389,536
11.392,536
11.395,536
11.397,536
11.4,536
11.403,536
11.406,536
11.408,536
11.411,536
11.414,536
11.417,536
11.419,536
11.422,536
11.425,536
11.428,536
11.43,536
11.433,536
11.436,536
11.439,536
11.441,536
11.444,536
11.447,536
11.45,536
11.452,536
11.455,536
11.458,536
11.461,536
11.463,536
11.466,536
11.469,536
11.473,536
11.477,536
11.482,536
11.487,536
11.491,536
11.496,536
11.5,536
11.505,536
11.509,536
11.514,536
11.518,536
11.523,536
11.527,536
11.532,536
11.536,536
11.541,536
11.545,536
11.55,536
11.554,536
11.559,536
11.563,536
11.568,536
11.572,536
11.577,536
11.581,536
11.786,536
12.822,536
12.858,536
12.859,536
12.894,536
12.895,536
12.897,536
12.898,536
12.931,536
12.932,536
12.934,536
12.935,536
12.968,536
12.969,536
12.971,536
12.972,536
12.974,536
13.005,536
13.006,536
13.008,536
13.009,536
13.041,536
13.042,536
13.043,536
13.045,536
13.077,536
13.078,536
13.079,536
13.081,536
13.082,536
13.113,536
13.114,536
13.115,536
13.117,536
13.118,536
13.119,536
13.15,536
13.151,536
13.152,536
13.154,536
13.155,536
13.156,536
13.157,536
13.187,536
13.188,536
13.189,536
13.191,536
13.192,536
13.193,536
13.223,536
13.224,536
13.225,536
13.227,536
13.228,536
13.229,536
13.259,536
13.26,536
13.261,536
13.263,536
13.264,536
13.265,536
13.266,536
13.295,536
13.296,536
13.297,536
13.299,536
13.3,536
13.301,536
13.302,536
13.304,536
13.332,536
13.333,536
13.334,536
13.336,536
13.337,536
13.338,536
13.339,536
13.341,536
13.342,536
13.369,536
13.37,536
13.372,536
13.373,536
13.375,536
13.376,536
13.377,536
13.379,536
13.405,536
13.406,536
13.408,536
13.409,536
13.411,536
13.412,536
13.413,536
13.415,536
13.416,536
13.441,536
13.442,536
13.444,536
13.445,536
13.447,536
13.448,536
13.449,536
13.451,536
13.452,536
13.454,536
13.478,536
13.479,536
13.481,536
13.482,536
13.484,536
13.485,536
13.486,536
13.488,536
13.489,536
13.491,536
13.515,536
13.516,536
13.518,536
13.519,536
13.521,536
13.522,536
13.523,536
13.525,536
13.526,536
13.528,536
13.529,536
13.552,536
13.553,536
13.555,536
13.556,536
13.558,536
13.559,536
13.56,536
13.562,536
13.563,536
13.565,536
13.588,536
13.589,536
13.591,536
13.592,536
13.594,536
13.595,536
13.596,536
13.598,536
13.599,536
13.601,536
13.602,536
13.624,536
13.625,536
13.627,536
13.628,536
13.63,536
13.631,536
13.632,536
13.634,536
13.635,536
13.637,536
13.638,536
13.639,536
13.661,536
13.662,536
13.664,536
13.665,536
13.667,536
13.668,536
13.669,536
13.671,536
13.672,536
13.674,536
13.675,536
13.676,536
13.678,536
13.698,536
13.7,536
13.702,536
13.704,536
13.706,536
13.708,536
13.71,536
13.712,536
13.714,536
13.716,536
13.718,536
13.72,536
13.734,536
13.736,536
13.738,536
13.74,536
13.742,536
13.744,536
13.746,536
13.748,536
13.75,536
13.752,536
13.754,536
13.756,536
13.758,536
13.77,536
13.772,536
13.774,536
13.776,536
13.778,536
13.78,536
13.782,536
13.784,536
13.786,536
13.788,536
13.79,536
13.792,536
13.794,536
13.795,536
13.808,536
13.81,536
13.812,536
13.814,536
13.816,536
13.818,536
13.82,536
13.822,536
13.824,536
13.826,536
13.828,536
13.83,536
13.832,536
13.833,536
13.835,536
13.846,536
13.848,536
13.85,536
13.852,536
13.854,536
13.856,536
13.858,536
13.86,536
13.862,536
13.864,536
13.866,536
13.868,536
13.87,536
13.871,536
13.883,536
13.886,536
13.889,536
13.892,536
13.894,536
13.897,536
13.9,536
13.903,536
13.905,536
13.908,536
13.911,536
13.914,536
13.916,536
13.919,536
13.922,536
13.925,536
13.927,536
13.93,536
13.933,536
13.936,536
13.938,536
13.941,536
13.944,536
13.947,536
13.949,536
13.952,536
13.955,536
13.958,536
13.96,536
13.963,536
13.966,536
13.969,536
13.971,536
13.974,536
13.977,536
13.98,536
13.982,536
13.985,536
13.988,536
13.991,536
13.993,536
13.996,536
13.999,536
14.002,536
14.004,536
14.007,536
14.01,536
14.013,536
14.015,536
14.018,536
14.021,536
14.024,536
14.026,536
14.029,536
14.032,536
14.035,536
14.037,536
14.04,536
14.043,536
14.046,536
14.048,536
14.051,536
14.054,536
14.057,536
14.059,536
14.062,536
14.065,536
14.068,536
14.07,536
14.073,536
14.076,536
14.079,536
14.083,536
14.087,536
14.092,536
14.096,536
14.101,536
14.105,536
14.11,536
14.114,536
14.119,536
14.123,536
14.128,536
14.132,536
14.137,536
14.142,536
14.146,536
14.151,536
14.155,536
14.16,536
14.164,536
14.169,536
14.173,536
14.178,536
14.182,536
14.187,536
14.191,536
14.196,536
15.226,536
15.261,536
15.262,536
15.296,536
15.297,536
15.298,536
15.299,536
15.332,536
15.333,536
15.334,536
15.335,536
15.368,536
15.369,536
15.37,536
15.371,536
15.404,536
15.405,536
15.405,536
15.406,536
15.407,536
15.44,536
15.441,536
15.441,536
15.442,536
15.475,536
15.476,536
15.476,536
15.477,536
15.478,536
15.51,536
15.511,536
15.511,536
15.512,536
15.513,536
15.513,536
15.546,536
15.547,536
15.547,536
15.548,536
15.549,536
15.549,536
15.582,536
15.583,536
15.583,536
15.584,536
15.585,536
15.585,536
15.586,536
15.618,536
15.619,536
15.619,536
15.62,536
15.621,536
15.621,536
15.653,536
15.654,536
15.654,536
15.655,536
15.656,536
15.656,536
15.657,536
15.688,536
15.689,536
15.689,536
15.69,536
15.691,536
15.691,536
15.692,536
15.693,536
15.724,536
15.725,536
15.726,536
15.727,536
15.727,536
15.728,536
15.729,536
15.73,536
15.73,536
15.76,536
15.761,536
15.762,536
15.763,536
15.763,536
15.764,536
15.765,536
15.766,536
15.795,536
15.796,536
15.797,536
15.798,536
15.798,536
15.799,536
15.8,536
15.801,536
15.83,536
15.831,536
15.832,536
15.833,536
15.833,536
15.834,536
15.835,536
15.836,536
15.836,536
15.865,536
15.866,536
15.867,536
15.868,536
15.869,536
15.87,536
15.871,536
15.872,536
15.873,536
15.874,536
15.901,536
15.902,536
15.903,536
15.904,536
15.905,536
15.906,536
15.907,536
15.908,536
15.909,536
15.91,536
15.911,536
15.937,536
15.938,536
15.939,536
15.94,536
15.941,536
15.942,536
15.943,536
15.944,536
15.945,536
15.946,536
15.973,536
15.974,536
15.975,536
15.977,536
15.978,536
15.979,536
15.98,536
15.982,536
15.983,536
15.984,536
15.985,536
16.009,536
16.01,536
16.011,536
16.013,536
16.014,536
16.015,536
16.016,536
16.018,536
16.019,536
16.02,536
16.021,536
16.023,536
16.046,536
16.047,536
16.048,536
16.05,536
16.051,536
16.052,536
16.053,536
16.055,536
16.056,536
16.057,536
16.059,536
16.06,536
16.061,536
16.083,536
16.084,536
16.086,536
16.087,536
16.089,536
16.09,536
16.091,536
16.093,536
16.094,536
16.096,536
16.097,536
16.098,536
16.119,536
16.12,536
16.122,536
16.123,536
16.125,536
16.126,536
16.127,536
16.129,536
16.13,536
16.132,536
16.133,536
16.134,536
16.155,536
16.156,536
16.158,536
16.159,536
16.161,536
16.162,536
16.163,536
16.165,536
16.166,536
16.168,536
16.169,536
16.17,536
16.172,536
16.191,536
16.192,536
16.194,536
16.195,536
16.197,536
16.198,536
16.199,536
16.201,536
16.202,536
16.204,536
16.205,536
16.206,536
16.208,536
16.209,536
16.228,536
16.23,536
16.232,536
16.234,536
16.236,536
16.238,536
16.24,536
16.242,536
16.244,536
16.246,536
16.248,536
16.25,536
16.252,536
16.253,536
16.255,536
16.266,536
16.268,536
16.27,536
16.272,536
16.274,536
16.276,536
16.278,536
16.28,536
16.282,536
16.284,536
16.286,536
16.288,536
16.29,536
16.291,536
16.302,536
16.304,536
16.306,536
16.308,536
16.31,536
16.312,536
16.314,536
16.316,536
16.318,536
16.32,536
16.322,536
16.324,536
16.326,536
16.327,536
16.329,536
16.338,536
16.34,536
16.342,536
16.344,536
16.346,536
16.348,536
16.35,536
16.352,536
16.354,536
16.356,536
16.358,536
16.36,536
16.362,536
16.363,536
16.365,536
16.367,536
16.376,536
16.378,536
16.38,536
16.382,536
16.384,536
16.386,536
16.388,536
16.391,536
16.394,536
16.396,536
16.399,536
16.402,536
16.405,536
16.407,536
16.41,536
16.413,536
16.416,536
16.418,536
16.421,536
16.424,536
16.427,536
16.43,536
16.432,536
16.435,536
16.438,536
16.441,536
16.443,536
16.446,536
16.449,536
16.452,536
16.454,536
16.457,536
16.46,536
16.463,536
16.465,536
16.468,536
16.471,536
16.474,536
16.476,536
16.479,536
16.482,536
16.485,536
16.487,536
16.49,536
16.493,536
16.496,536
16.498,536
16.501,536
16.504,536
16.507,536
16.509,536
16.512,536
16.515,536
16.518,536
16.52,536
16.523,536
16.526,536
16.529,536
16.531,536
16.534,536
16.537,536
16.54,536
16.542,536
16.545,536
16.548,536
16.551,536
16.553,536
16.556,536
16.559,536
16.714,536
16.718,536
16.723,536
16.727,536
16.732,536
16.739,536
16.744,536
16.748,536
16.753,536
16.762,536
16.767,536
16.771,536
16.776,536
16.783,536
16.788,536
16.792,536
18.032,536
18.069,536
18.072,536
18.106,536
18.109,536
18.143,536
18.146,536
18.18,536
18.183,536
18.217,536
18.22,536
18.254,536
18.257,536
18.26,536
18.291,536
18.294,536
18.297,536
18.3,536
18.331,536
18.334,536
18.337,536
18.34,536
18.342,536
18.371,536
18.374,536
18.377,536
18.38,536
18.408,536
18.555,536
18.588,536
18.593,536
18.627,536
18.666,536
18.671,536
18.71,536
18.715,536
18.719,536
18.754,536
18.759,536
18.793,536
18.798,536
19.829,536
19.865,536
19.867,536
19.901,536
19.903,536
19.939,536
19.941,536
19.943,536
19.977,536
19.979,536
20.013,536
20.015,536
20.049,536
20.051,536
20.053,536
20.085,536
20.087,536
20.089,536
20.091,536
20.123,536
20.125,536
20.127,536
20.129,536
20.161,536
20.163,536
20.165,536
20.167,536
20.169,536
20.199,536
20.201,536
20.203,536
20.205,536
20.235,536
20.237,536
20.239,536
20.241,536
20.243,536
20.271,536
20.273,536
20.276,536
20.279,536
20.282,536
20.284,536
20.31,536
20.313,536
20.316,536
20.319,536
20.321,536
20.324,536
20.327,536
20.35,536
20.353,536
20.356,536
20.359,536
20.361,536
20.364,536
20.387,536
20.39,536
20.393,536
20.396,536
20.398,536
20.401,536
20.424,536
20.427,536
20.43,536
20.433,536
20.435,536
20.438,536
20.441,536
20.461,536
20.464,536
20.467,536
20.47,536
20.472,536
20.475,536
20.478,536
20.481,536
20.501,536
20.504,536
20.507,536
20.51,536
20.512,536
20.515,536
20.518,536
20.521,536
20.523,536
20.541,536
20.544,536
20.547,536
20.55,536
20.554,536
20.559,536
20.563,536
20.568,536
20.58,536
20.585,536
20.589,536
20.594,536
20.598,536
20.603,536
20.607,536
20.612,536
20.619,536
20.624,536
20.628,536
20.933,536
20.933,536
21.968,536
22.203,536
22.203,536
22.238,536
22.238,536
22.273,536
22.274,536
22.309,536
22.31,536
22.31,536
22.345,536
22.346,536
22.38,536
22.381,536
22.415,536
22.416,536
22.417,536
22.45,536
22.451,536
22.452,536
22.453,536
22.486,536
22.487,536
22.488,536
22.489,536
22.522,536
22.523,536
22.524,536
22.525,536
22.526,536
22.558,536
22.559,536
22.56,536
22.561,536
22.594,536
22.595,536
22.596,536
22.598,536
22.599,536
22.63,536
22.631,536
22.632,536
22.634,536
22.635,536
22.636,536
22.667,536
22.668,536
22.67,536
22.671,536
22.673,536
22.674,536
22.675,536
22.704,536
22.705,536
22.707,536
22.708,536
22.71,536
22.711,536
22.74,536
22.741,536
22.743,536
22.744,536
22.746,536
22.747,536
22.776,536
22.777,536
22.779,536
22.78,536
22.782,536
22.783,536
22.784,536
22.812,536
22.813,536
22.815,536
22.816,536
22.818,536
22.82,536
22.821,536
22.823,536
22.849,536
22.851,536
22.853,536
22.855,536
22.857,536
22.859,536
22.861,536
22.863,536
22.865,536
22.887,536
22.889,536
22.891,536
22.893,536
22.895,536
22.897,536
22.899,536
22.901,536
22.923,536
22.925,536
22.927,536
22.929,536
22.931,536
22.933,536
22.935,536
22.937,536
22.959,536
22.961,536
22.963,536
22.965,536
22.967,536
22.969,536
22.972,536
22.974,536
22.977,536
22.996,536
22.999,536
23.002,536
23.005,536
23.007,536
23.01,536
23.013,536
23.016,536
23.018,536
23.021,536
23.036,536
23.039,536
23.042,536
23.045,536
23.047,536
23.05,536
23.053,536
23.056,536
23.058,536
23.061,536
23.064,536
23.076,536
23.079,536
23.082,536
23.085,536
23.087,536
23.09,536
23.093,536
23.096,536
23.098,536
23.101,536
23.113,536
23.116,536
23.119,536
23.122,536
23.124,536
23.127,536
23.13,536
23.133,536
23.135,536
23.138,536
23.141,536
23.152,536
23.157,536
23.161,536
23.166,536
23.17,536
23.175,536
23.179,536
23.184,536
23.188,536
23.193,536
23.197,536
23.202,536
23.206,536
23.211,536
23.215,536
23.22,536
23.224,536
23.229,536
23.233,536
23.238,536
24.274,536
24.31,536
24.312,536
24.346,536
24.348,536
24.382,536
24.384,536
24.418,536
24.42,536
24.454,536
24.455,536
24.457,536
24.49,536
24.491,536
24.493,536
24.494,536
24.527,536
24.528,536
24.53,536
24.531,536
24.533,536
24.564,536
24.565,536
24.567,536
24.568,536
24.6,536
24.602,536
24.604,536
24.606,536
24.636,536
24.638,536
24.64,536
24.642,536
24.644,536
24.672,536
24.674,536
24.676,536
24.678,536
24.68,536
24.682,536
24.71,536
24.712,536
24.714,536
24.716,536
24.718,536
24.72,536
24.722,536
24.748,536
24.75,536
24.752,536
24.754,536
24.756,536
24.758,536
24.784,536
24.786,536
24.788,536
24.79,536
24.792,536
24.794,536
24.82,536
24.822,536
24.824,536
24.826,536
24.828,536
24.83,536
24.832,536
24.856,536
24.858,536
24.86,536
24.862,536
24.864,536
24.866,536
24.868,536
24.87,536
24.894,536
24.896,536
24.898,536
24.9,536
24.902,536
24.904,536
24.906,536
24.908,536
24.91,536
24.932,536
24.934,536
24.936,536
24.938,536
24.94,536
24.942,536
24.944,536
24.946,536
24.968,536
24.97,536
24.972,536
24.974,536
24.976,536
24.978,536
24.98,536
24.982,536
25.005,536
25.008,536
25.011,536
25.014,536
25.016,536
25.019,536
25.022,536
25.025,536
25.027,536
25.042,536
25.045,536
25.048,536
25.051,536
25.053,536
25.056,536
25.059,536
25.062,536
25.064,536
25.067,536
25.082,536
25.085,536
25.088,536
25.091,536
25.093,536
25.096,536
25.099,536
25.102,536
25.104,536
25.107,536
25.11,536
25.122,536
25.125,536
25.128,536
25.131,536
25.133,536
25.136,536
25.139,536
25.142,536
25.144,536
25.147,536
25.159,536
25.162,536
25.165,536
25.168,536
25.17,536
25.173,536
25.176,536
25.179,536
25.181,536
25.184,536
25.187,536
25.196,536
25.199,536
25.202,536
25.205,536
25.207,536
25.21,536
25.213,536
25.216,536
25.218,536
25.221,536
25.224,536
25.227,536
25.236,536
25.239,536
25.242,536
25.245,536
25.247,536
25.25,536
25.253,536
25.256,536
25.258,536
25.261,536
25.264,536
25.267,536
25.272,536
25.278,536
25.283,536
25.287,536
25.292,536
25.296,536
25.301,536
25.504,536
25.548,536
25.552,536
25.557,536
25.565,536
25.585,536
25.592,536
25.6,536
26.636,536
26.672,536
26.673,536
26.709,536
26.71,536
26.711,536
26.746,536
26.747,536
26.781,536
26.782,536
26.816,536
26.817,536
26.818,536
26.851,536
26.852,536
26.853,536
26.854,536
26.887,536
26.888,536
26.889,536
26.89,536
26.89,536
26.923,536
26.924,536
26.925,536
26.926,536
26.958,536
26.959,536
26.96,536
26.961,536
26.993,536
26.994,536
26.994,536
26.995,536
26.996,536
27.028,536
27.029,536
27.029,536
27.03,536
27.031,536
27.031,536
27.064,536
27.065,536
27.065,536
27.066,536
27.066,536
27.067,536
27.067,536
27.1,536
27.1,536
27.101,536
27.101,536
27.102,536
27.102,536
27.135,536
27.135,536
27.136,536
27.136,536
27.137,536
27.137,536
27.17,536
27.17,536
27.171,536
27.171,536
27.172,536
27.172,536
27.172,536
27.205,536
27.205,536
27.206,536
27.206,536
27.206,536
27.207,536
27.207,536
27.207,536
27.24,536
27.24,536
27.241,536
27.241,536
27.241,536
27.242,536
27.242,536
27.242,536
27.243,536
27.275,536
27.275,536
27.276,536
27.276,536
27.276,536
27.277,536
27.277,536
27.277,536
27.31,536
27.31,536
27.311,536
27.311,536
27.312,536
27.312,536
27.312,536
27.313,536
27.345,536
27.345,536
27.346,536
27.346,536
27.347,536
27.347,536
27.348,536
27.348,536
27.349,536
27.38,536
27.38,536
27.381,536
27.381,536
27.382,536
27.382,536
27.383,536
27.383,536
27.384,536
27.384,536
27.415,536
27.416,536
27.416,536
27.417,536
27.418,536
27.418,536
27.419,536
27.419,536
27.42,536
27.421,536
27.421,536
27.451,536
27.452,536
27.452,536
27.453,536
27.454,536
27.454,536
27.455,536
27.456,536
27.456,536
27.457,536
27.486,536
27.487,536
27.487,536
27.488,536
27.489,536
27.489,536
27.49,536
27.491,536
27.491,536
27.492,536
27.493,536
27.521,536
27.522,536
27.523,536
27.524,536
27.524,536
27.525,536
27.526,536
27.527,536
27.527,536
27.528,536
27.529,536
27.53,536
27.557,536
27.558,536
27.559,536
27.56,536
27.56,536
27.561,536
27.562,536
27.563,536
27.563,536
27.564,536
27.565,536
27.566,536
27.566,536
27.593,536
27.594,536
27.595,536
27.596,536
27.597,536
27.598,536
27.599,536
27.6,536
27.601,536
27.602,536
27.603,536
27.604,536
27.628,536
27.629,536
27.63,536
27.631,536
27.632,536
27.633,536
27.634,536
27.635,536
27.636,536
27.637,536
27.638,536
27.639,536
27.663,536
27.664,536
27.665,536
27.666,536
27.667,536
27.668,536
27.669,536
27.67,536
27.671,536
27.672,536
27.673,536
27.674,536
27.675,536
27.699,536
27.7,536
27.701,536
27.703,536
27.704,536
27.705,536
27.706,536
27.708,536
27.709,536
27.71,536
27.711,536
27.713,536
27.714,536
27.715,536
27.736,536
27.737,536
27.738,536
27.74,536
27.741,536
27.742,536
27.743,536
27.745,536
27.746,536
27.747,536
27.748,536
27.75,536
27.751,536
27.752,536
27.754,536
27.773,536
27.774,536
27.775,536
27.777,536
27.778,536
27.779,536
27.78,536
27.782,536
27.783,536
27.784,536
27.785,536
27.787,536
27.788,536
27.789,536
27.809,536
27.81,536
27.812,536
27.813,536
27.815,536
27.816,536
27.817,536
27.819,536
27.82,536
27.822,536
27.823,536
27.824,536
27.826,536
27.827,536
27.829,536
27.845,536
27.846,536
27.848,536
27.849,536
27.851,536
27.852,536
27.853,536
27.855,536
27.856,536
27.858,536
27.859,536
27.86,536
27.862,536
27.863,536
27.865,536
27.866,536
27.882,536
27.883,536
27.885,536
27.886,536
27.888,536
27.889,536
27.89,536
27.892,536
27.893,536
27.895,536
27.896,536
27.897,536
27.899,536
27.9,536
27.902,536
27.903,536
27.905,536
27.919,536
27.92,536
27.922,536
27.923,536
27.925,536
27.926,536
27.927,536
27.929,536
27.93,536
27.932,536
27.933,536
27.934,536
27.936,536
27.937,536
27.939,536
27.94,536
27.955,536
27.957,536
27.959,536
27.961,536
27.963,536
27.965,536
27.967,536
27.969,536
27.971,536
27.973,536
27.975,536
27.977,536
27.979,536
27.98,536
27.982,536
27.984,536
27.986,536
27.991,536
27.993,536
27.995,536
27.997,536
27.999,536
28.001,536
28.003,536
28.005,536
28.007,536
28.009,536
28.011,536
28.013,536
28.015,536
28.016,536
28.018,536
28.02,536
28.022,536
28.024,536
28.026,536
28.028,536
28.03,536
28.032,536
28.034,536
28.036,536
28.038,536
28.04,536
28.042,536
28.043,536
28.045,536
28.047,536
28.049,536
28.051,536
28.053,536
28.055,536
28.057,536
28.059,536
28.061,536
28.063,536
28.065,536
28.067,536
28.069,536
28.07,536
28.072,536
28.074,536
28.076,536
28.078,536
28.08,536
28.082,536
28.084,536
28.086,536
28.088,536
28.09,536
28.092,536
28.094,536
28.096,536
28.097,536
28.099,536
28.102,536
28.105,536
28.108,536
28.11,536
28.113,536
28.116,536
28.119,536
28.121,536
28.124,536
28.127,536
28.13,536
28.132,536
28.135,536
28.138,536
28.141,536
28.143,536
28.146,536
28.149,536
28.152,536
28.154,536
28.157,536
28.16,536
28.163,536
28.165,536
28.168,536
28.171,536
28.174,536
28.176,536
28.179,536
28.182,536
28.185,536
28.187,536
28.19,536
28.193,536
28.196,536
28.199,536
28.201,536
28.204,536
28.207,536
28.21,536
28.212,536
28.215,536
28.218,536
28.221,536
28.223,536
28.226,536
28.229,536
28.232,536
28.234,536
28.237,536
28.24,536
28.243,536
28.245,536
28.248,536
28.251,536
28.254,536
28.256,536
28.259,536
28.262,536
28.265,536
28.267,536
28.27,536
28.274,536
28.278,536
28.283,536
28.287,536
28.292,536
28.296,536
28.301,536
28.305,536
29.337,536
29.373,536
29.375,536
29.409,536
29.411,536
29.413,536
29.415,536
29.447,536
29.449,536
29.451,536
29.453,536
29.485,536
29.487,536
29.489,536
29.491,536
29.523,536
29.525,536
29.527,536
29.529,536
29.531,536
29.561,536
29.563,536
29.565,536
29.567,536
29.597,536
29.599,536
29.601,536
29.603,536
29.605,536
29.633,536
29.635,536
29.637,536
29.639,536
29.641,536
29.643,536
29.671,536
29.673,536
29.675,536
29.677,536
29.679,536
29.681,536
29.709,536
29.711,536
29.713,536
29.715,536
29.717,536
29.719,536
29.721,536
29.747,536
29.749,536
29.751,536
29.753,536
29.755,536
29.757,536
29.783,536
29.785,536
29.787,536
29.789,536
29.791,536
29.793,536
29.795,536
29.819,536
29.821,536
29.823,536
29.825,536
29.827,536
29.829,536
29.831,536
29.833,536
29.857,536
29.859,536
29.861,536
29.863,536
29.865,536
29.867,536
29.869,536
29.871,536
29.873,536
29.895,536
29.897,536
29.899,536
29.901,536
29.903,536
29.905,536
29.907,536
29.909,536
29.931,536
29.933,536
29.935,536
29.937,536
29.939,536
29.941,536
29.943,536
29.945,536
29.967,536
29.969,536
29.971,536
29.973,536
29.975,536
29.977,536
29.979,536
29.981,536
29.983,536
30.003,536
30.005,536
30.007,536
30.009,536
30.011,536
30.013,536
30.015,536
30.017,536
30.019,536
30.021,536
30.041,536
30.043,536
30.045,536
30.047,536
30.049,536
30.051,536
30.053,536
30.055,536
30.057,536
30.059,536
30.061,536
30.079,536
30.081,536
30.083,536
30.085,536
30.088,536
30.091,536
30.093,536
30.096,536
30.099,536
30.102,536
30.116,536
30.119,536
30.122,536
30.125,536
30.127,536
30.13,536
30.133,536
30.136,536
30.138,536
30.141,536
30.144,536
30.153,536
30.156,536
30.159,536
30.162,536
30.164,536
30.167,536
30.17,536
30.173,536
30.175,536
30.178,536
30.181,536
30.184,536
30.193,536
30.196,536
30.199,536
30.202,536
30.204,536
30.207,536
30.21,536
30.213,536
30.215,536
30.218,536
30.221,536
30.224,536
30.226,536
30.233,536
30.236,536
30.239,536
30.242,536
30.244,536
30.247,536
30.25,536
30.253,536
30.255,536
30.258,536
30.261,536
30.264,536
30.27,536
30.273,536
30.276,536
30.279,536
30.281,536
30.284,536
30.287,536
30.29,536
30.292,536
30.295,536
30.298,536
30.301,536
30.307,536
30.31,536
30.313,536
30.316,536
30.318,536
30.321,536
30.324,536
30.327,536
30.329,536
30.332,536
30.335,536
30.338,536
30.34,536
30.344,536
30.347,536
30.35,536
30.353,536
30.356,536
30.361,536
30.365,536
30.37,536
30.374,536
30.534,536
30.538,536
30.543,536
30.559,536
31.596,536
31.633,536
31.636,536
31.67,536
31.707,536
31.71,536
31.713,536
31.747,536
31.75,536
31.784,536
32.035,536
32.065,536
32.07,536
32.109,536
32.114,536
32.153,536
32.158,536
32.162,536
32.197,536
32.202,536
32.236,536
32.241,536
32.275,536
32.28,536
32.284,536
32.317,536
33.32,536
33.355,536
33.356,536
33.39,536
33.425,536
33.426,536
33.461,536
33.462,536
33.463,536
33.497,536
33.498,536
33.532,536
33.533,536
33.567,536
33.568,536
33.569,536
33.602,536
33.603,536
33.604,536
33.605,536
33.638,536
33.639,536
33.639,536
33.64,536
33.674,536
33.675,536
33.675,536
33.676,536
33.677,536
33.71,536
33.711,536
33.711,536
33.712,536
33.745,536
33.746,536
33.746,536
33.747,536
33.748,536
33.78,536
33.781,536
33.781,536
33.782,536
33.783,536
33.783,536
33.816,536
33.817,536
33.817,536
33.818,536
33.819,536
33.819,536
33.82,536
33.852,536
33.853,536
33.853,536
33.854,536
33.855,536
33.855,536
33.887,536
33.888,536
33.888,536
33.889,536
33.89,536
33.89,536
33.922,536
33.923,536
33.923,536
33.924,536
33.925,536
33.925,536
33.926,536
33.957,536
33.958,536
33.958,536
33.959,536
33.96,536
33.96,536
33.961,536
33.962,536
33.993,536
33.994,536
33.995,536
33.996,536
33.996,536
33.997,536
33.998,536
33.999,536
33.999,536
34.029,536
34.03,536
34.031,536
34.032,536
34.032,536
34.033,536
34.034,536
34.035,536
34.064,536
34.065,536
34.066,536
34.067,536
34.067,536
34.068,536
34.069,536
34.07,536
34.099,536
34.1,536
34.101,536
34.102,536
34.102,536
34.103,536
34.104,536
34.105,536
34.105,536
34.134,536
34.135,536
34.136,536
34.137,536
34.138,536
34.139,536
34.14,536
34.141,536
34.142,536
34.143,536
34.17,536
34.171,536
34.172,536
34.173,536
34.174,536
34.175,536
34.176,536
34.177,536
34.178,536
34.179,536
34.18,536
34.206,536
34.207,536
34.208,536
34.209,536
34.21,536
34.211,536
34.212,536
34.213,536
34.214,536
34.215,536
34.241,536
34.242,536
34.243,536
34.244,536
34.245,536
34.246,536
34.247,536
34.248,536
34.249,536
34.251,536
34.252,536
34.277,536
34.278,536
34.279,536
34.281,536
34.282,536
34.283,536
34.284,536
34.286,536
34.287,536
34.288,536
34.289,536
34.291,536
34.314,536
34.315,536
34.316,536
34.318,536
34.319,536
34.32,536
34.321,536
34.323,536
34.324,536
34.325,536
34.326,536
34.328,536
34.329,536
34.351,536
34.352,536
34.353,536
34.355,536
34.356,536
34.357,536
34.358,536
34.36,536
34.361,536
34.362,536
34.363,536
34.365,536
34.387,536
34.388,536
34.39,536
34.391,536
34.393,536
34.394,536
34.395,536
34.397,536
34.398,536
34.4,536
34.401,536
34.402,536
34.423,536
34.424,536
34.426,536
34.427,536
34.429,536
34.43,536
34.431,536
34.433,536
34.434,536
34.436,536
34.437,536
34.438,536
34.44,536
34.459,536
34.46,536
34.462,536
34.463,536
34.465,536
34.466,536
34.467,536
34.469,536
34.47,536
34.472,536
34.473,536
34.474,536
34.476,536
34.477,536
34.496,536
34.497,536
34.499,536
34.5,536
34.502,536
34.503,536
34.504,536
34.506,536
34.507,536
34.509,536
34.51,536
34.511,536
34.513,536
34.514,536
34.516,536
34.533,536
34.534,536
34.536,536
34.538,536
34.54,536
34.542,536
34.544,536
34.545,536
34.547,536
34.549,536
34.551,536
34.553,536
34.555,536
34.557,536
34.569,536
34.571,536
34.573,536
34.575,536
34.577,536
34.579,536
34.581,536
34.583,536
34.585,536
34.587,536
34.589,536
34.591,536
34.593,536
34.594,536
34.596,536
34.605,536
34.607,536
34.609,536
34.611,536
34.613,536
34.615,536
34.617,536
34.619,536
34.621,536
34.623,536
34.625,536
34.627,536
34.629,536
34.63,536
34.632,536
34.634,536
34.643,536
34.645,536
34.647,536
34.649,536
34.651,536
34.653,536
34.655,536
34.657,536
34.659,536
34.661,536
34.663,536
34.665,536
34.667,536
34.668,536
34.67,536
34.672,536
34.674,536
34.681,536
34.683,536
34.685,536
34.687,536
34.689,536
34.691,536
34.694,536
34.696,536
34.699,536
34.702,536
34.705,536
34.707,536
34.71,536
34.713,536
34.716,536
34.718,536
34.721,536
34.724,536
34.727,536
34.729,536
34.732,536
34.735,536
34.738,536
34.74,536
34.743,536
34.746,536
34.749,536
34.751,536
34.754,536
34.757,536
34.76,536
34.762,536
34.765,536
34.768,536
34.771,536
34.773,536
34.776,536
34.779,536
34.782,536
34.784,536
34.787,536
34.79,536
34.793,536
34.796,536
34.798,536
34.801,536
34.804,536
34.807,536
34.809,536
34.812,536
34.815,536
34.818,536
34.82,536
34.823,536
34.826,536
34.829,536
34.831,536
34.834,536
34.837,536
34.84,536
34.842,536
34.845,536
34.848,536
34.851,536
34.853,536
34.856,536
34.859,536
34.862,536
34.865,536
34.869,536
34.874,536
34.878,536
34.883,536
34.887,536
34.892,536
34.897,536
34.901,536
34.906,536
34.91,536
34.915,536
34.919,536
34.924,536
34.928,536
34.933,536
34.937,536
34.942,536
34.946,536
34.951,536
34.955,536
34.96,536
34.964,536
34.969,536
34.973,536
34.978,536
34.982,536
34.987,536
34.991,536
36.027,536
36.063,536
36.064,536
36.099,536
36.1,536
36.101,536
36.103,536
36.135,536
36.136,536
36.137,536
36.139,536
36.171,536
36.172,536
36.173,536
36.175,536
36.207,536
36.208,536
36.209,536
36.211,536
36.212,536
36.243,536
36.244,536
36.245,536
36.247,536
36.248,536
36.249,536
36.28,536
36.281,536
36.282,536
36.284,536
36.285,536
36.286,536
36.287,536
36.317,536
36.318,536
36.319,536
36.321,536
36.322,536
36.323,536
36.353,536
36.354,536
36.355,536
36.357,536
36.358,536
36.359,536
36.389,536
36.39,536
36.391,536
36.393,536
36.394,536
36.395,536
36.396,536
36.425,536
36.426,536
36.427,536
36.429,536
36.43,536
36.431,536
36.432,536
36.434,536
36.462,536
36.463,536
36.465,536
36.466,536
36.467,536
36.469,536
36.47,536
36.472,536
36.473,536
36.499,536
36.5,536
36.502,536
36.503,536
36.505,536
36.506,536
36.507,536
36.509,536
36.535,536
36.536,536
36.538,536
36.539,536
36.541,536
36.542,536
36.543,536
36.545,536
36.571,536
36.572,536
36.574,536
36.575,536
36.577,536
36.578,536
36.579,536
36.581,536
36.582,536
36.607,536
36.608,536
36.61,536
36.611,536
36.613,536
36.614,536
36.615,536
36.617,536
36.618,536
36.62,536
36.644,536
36.645,536
36.647,536
36.648,536
36.65,536
36.651,536
36.652,536
36.654,536
36.655,536
36.657,536
36.658,536
36.681,536
36.682,536
36.684,536
36.685,536
36.687,536
36.688,536
36.689,536
36.691,536
36.692,536
36.694,536
36.717,536
36.719,536
36.721,536
36.723,536
36.725,536
36.727,536
36.729,536
36.731,536
36.733,536
36.735,536
36.737,536
36.753,536
36.755,536
36.757,536
36.759,536
36.761,536
36.763,536
36.765,536
36.767,536
36.769,536
36.771,536
36.773,536
36.775,536
36.791,536
36.793,536
36.795,536
36.797,536
36.799,536
36.801,536
36.803,536
36.805,536
36.807,536
36.809,536
36.811,536
36.813,536
36.815,536
36.829,536
36.831,536
36.833,536
36.835,536
36.837,536
36.839,536
36.841,536
36.843,536
36.845,536
36.847,536
36.849,536
36.851,536
36.865,536
36.867,536
36.869,536
36.871,536
36.873,536
36.875,536
36.877,536
36.879,536
36.881,536
36.883,536
36.885,536
36.887,536
36.902,536
36.905,536
36.908,536
36.911,536
36.913,536
36.916,536
36.919,536
36.922,536
36.924,536
36.927,536
36.93,536
36.933,536
36.935,536
36.939,536
36.942,536
36.945,536
36.948,536
36.95,536
36.953,536
36.956,536
36.959,536
36.961,536
36.964,536
36.967,536
36.97,536
36.972,536
36.975,536
36.978,536
36.981,536
36.983,536
36.986,536
36.989,536
36.992,536
36.994,536
36.997,536
37.0,536
37.003,536
37.005,536
37.008,536
37.011,536
37.014,536
37.016,536
37.019,536
37.022,536
37.025,536
37.027,536
37.03,536
37.033,536
37.036,536
37.038,536
37.041,536
37.044,536
37.047,536
37.049,536
37.052,536
37.055,536
37.058,536
37.06,536
37.063,536
37.066,536
37.069,536
37.071,536
37.074,536
37.077,536
37.08,536
37.082,536
37.085,536
37.088,536
40.152,536
40.153,536
40.188,536
40.224,536
40.225,536
40.261,536
40.262,536
40.298,536
40.299,536
40.3,536
40.335,536
40.336,536
40.371,536
40.372,536
40.407,536
40.408,536
40.409,536
40.443,536
40.444,536
40.445,536
40.447,536
40.48,536
40.481,536
40.482,536
40.484,536
40.517,536
40.518,536
40.519,536
40.521,536
40.522,536
40.554,536
40.555,536
40.556,536
40.558,536
40.59,536
40.591,536
40.592,536
40.594,536
40.595,536
40.626,536
40.627,536
40.628,536
40.63,536
40.631,536
40.632,536
40.663,536
40.664,536
40.665,536
40.667,536
40.668,536
40.669,536
40.67,536
40.7,536
40.701,536
40.703,536
40.704,536
40.706,536
40.707,536
40.736,536
40.737,536
40.739,536
40.74,536
40.742,536
40.743,536
40.772,536
40.773,536
40.775,536
40.776,536
40.778,536
40.779,536
40.78,536
40.808,536
40.809,536
40.811,536
40.812,536
40.814,536
40.815,536
40.816,536
40.818,536
40.845,536
40.846,536
40.848,536
40.849,536
40.851,536
40.852,536
40.853,536
40.855,536
40.856,536
40.882,536
40.883,536
40.885,536
40.886,536
40.888,536
40.889,536
40.89,536
40.892,536
40.918,536
40.919,536
40.921,536
40.922,536
40.924,536
40.925,536
40.926,536
40.928,536
40.954,536
40.955,536
40.957,536
40.958,536
40.959,536
40.96,536
40.962,536
40.963,536
40.964,536
40.99,536
40.991,536
40.992,536
40.994,536
40.995,536
40.996,536
40.997,536
40.999,536
41.0,536
41.001,536
41.027,536
41.028,536
41.029,536
41.031,536
41.032,536
41.033,536
41.034,536
41.036,536
41.037,536
41.038,536
41.039,536
41.064,536
41.065,536
41.066,536
41.068,536
41.069,536
41.07,536
41.071,536
41.073,536
41.074,536
41.075,536
41.1,536
41.101,536
41.102,536
41.104,536
41.105,536
41.106,536
41.107,536
41.109,536
41.11,536
41.111,536
41.112,536
41.136,536
41.137,536
41.138,536
41.14,536
41.141,536
41.142,536
41.143,536
41.145,536
41.146,536
41.147,536
41.148,536
41.15,536
41.173,536
41.174,536
41.175,536
41.177,536
41.178,536
41.179,536
41.18,536
41.182,536
41.183,536
41.184,536
41.185,536
41.187,536
41.188,536
41.21,536
41.211,536
41.212,536
41.214,536
41.215,536
41.216,536
41.217,536
41.219,536
41.22,536
41.221,536
41.222,536
41.224,536
41.246,536
41.247,536
41.248,536
41.25,536
41.251,536
41.252,536
41.253,536
41.255,536
41.256,536
41.257,536
41.258,536
41.26,536
41.282,536
41.283,536
41.284,536
41.286,536
41.287,536
41.288,536
41.289,536
41.291,536
41.292,536
41.293,536
41.294,536
41.296,536
41.297,536
41.318,536
41.319,536
41.32,536
41.322,536
41.323,536
41.324,536
41.325,536
41.327,536
41.328,536
41.329,536
41.33,536
41.332,536
41.333,536
41.334,536
41.355,536
41.356,536
41.357,536
41.359,536
41.36,536
41.361,536
41.362,536
41.364,536
41.365,536
41.366,536
41.367,536
41.369,536
41.37,536
41.371,536
41.373,536
41.392,536
41.393,536
41.394,536
41.396,536
41.397,536
41.398,536
41.399,536
41.401,536
41.402,536
41.403,536
41.404,536
41.406,536
41.407,536
41.408,536
41.428,536
41.429,536
41.43,536
41.432,536
41.433,536
41.434,536
41.435,536
41.437,536
41.438,536
41.439,536
41.44,536
41.442,536
41.443,536
41.444,536
41.446,536
41.464,536
41.465,536
41.466,536
41.468,536
41.469,536
41.47,536
41.471,536
41.473,536
41.474,536
41.475,536
41.476,536
41.478,536
41.479,536
41.48,536
41.482,536
41.483,536
41.501,536
41.502,536
41.503,536
41.505,536
41.506,536
41.507,536
41.508,536
41.51,536
41.511,536
41.512,536
41.513,536
41.515,536
41.516,536
41.517,536
41.519,536
41.52,536
41.521,536
41.538,536
41.539,536
41.54,536
41.542,536
41.543,536
41.544,536
41.545,536
41.547,536
41.548,536
41.549,536
41.55,536
41.552,536
41.553,536
41.554,536
41.556,536
41.557,536
41.574,536
41.575,536
41.576,536
41.578,536
41.579,536
41.58,536
41.581,536
41.583,536
41.584,536
41.585,536
41.587,536
41.588,536
41.59,536
41.591,536
41.592,536
41.594,536
41.595,536
41.61,536
41.611,536
41.613,536
41.614,536
41.616,536
41.617,536
41.618,536
41.62,536
41.621,536
41.623,536
41.624,536
41.625,536
41.627,536
41.628,536
41.63,536
41.631,536
41.633,536
41.634,536
41.647,536
41.648,536
41.65,536
41.651,536
41.653,536
41.654,536
41.655,536
41.657,536
41.658,536
41.66,536
41.661,536
41.662,536
41.664,536
41.665,536
41.667,536
41.668,536
41.67,536
41.671,536
41.684,536
41.685,536
41.687,536
41.688,536
41.69,536
41.691,536
41.692,536
41.694,536
41.695,536
41.697,536
41.698,536
41.699,536
41.701,536
41.702,536
41.704,536
41.705,536
41.707,536
41.708,536
41.709,536
41.721,536
41.722,536
41.724,536
41.725,536
41.727,536
41.728,536
41.729,536
41.731,536
41.732,536
41.734,536
41.735,536
41.736,536
41.738,536
41.739,536
41.741,536
41.742,536
41.744,536
41.745,536
41.757,536
41.758,536
41.76,536
41.761,536
41.763,536
41.764,536
41.765,536
41.767,536
41.768,536
41.77,536
41.771,536
41.772,536
41.774,536
41.775,536
41.777,536
41.778,536
41.78,536
41.781,536
41.782,536
41.793,536
41.794,536
41.796,536
41.797,536
41.799,536
41.8,536
41.801,536
41.803,536
41.804,536
41.806,536
41.807,536
41.808,536
41.81,536
41.811,536
41.813,536
41.814,536
41.816,536
41.817,536
41.818,536
41.82,536
41.83,536
41.832,536
41.834,536
41.836,536
41.838,536
41.84,536
41.842,536
41.844,536
41.846,536
41.848,536
41.85,536
41.852,536
41.854,536
41.855,536
41.857,536
41.859,536
41.861,536
41.863,536
41.865,536
41.867,536
41.869,536
41.871,536
41.873,536
41.875,536
41.877,536
41.879,536
41.881,536
41.882,536
41.884,536
41.886,536
41.888,536
41.89,536
41.892,536
41.894,536
41.896,536
41.898,536
41.9,536
41.902,536
41.904,536
41.906,536
41.908,536
41.909,536
41.911,536
41.913,536
41.915,536
41.917,536
41.919,536
41.921,536
41.923,536
41.925,536
41.927,536
41.929,536
41.931,536
41.933,536
41.935,536
41.936,536
41.938,536
41.94,536
41.942,536
41.944,536
41.946,536
41.948,536
41.95,536
41.952,536
41.954,536
41.956,536
41.958,536
41.96,536
41.962,536
41.963,536
41.965,536
41.967,536
41.969,536
41.971,536
41.973,536
41.975,536
41.977,536
41.979,536
41.981,536
41.983,536
41.985,536
41.987,536
41.989,536
41.99,536
41.992,536
41.994,536
41.996,536
41.998,536
42.0,536
42.002,536
42.004,536
42.006,536
42.008,536
42.01,536
42.012,536
42.015,536
42.017,536
42.02,536
42.023,536
42.026,536
42.028,536
42.031,536
42.034,536
42.037,536
42.039,536
42.042,536
42.045,536
42.048,536
42.05,536
42.053,536
42.056,536
42.059,536
42.061,536
42.064,536
42.067,536
42.07,536
42.072,536
42.075,536
42.078,536
42.081,536
42.083,536
42.086,536
42.089,536
42.092,536
42.094,536
42.097,536
42.1,536
42.103,536
42.105,536
42.108,536
42.111,536
42.114,536
42.116,536
42.119,536
42.122,536
42.125,536
42.127,536
42.13,536
42.133,536
42.136,536
42.138,536
42.141,536
42.144,536
42.147,536
42.149,536
42.152,536
42.155,536
42.158,536
42.16,536
42.163,536
42.166,536
42.169,536
42.171,536
42.174,536
42.177,536
42.18,536
42.182,536
42.185,536
42.188,536
42.191,536
42.193,536
42.196,536
42.199,536
42.202,536
42.205,536
42.207,536
42.51,536
42.51,536
45.546,536
45.582,536
45.583,536
45.618,536
45.619,536
45.62,536
45.654,536
45.655,536
45.656,536
45.691,536
45.692,536
45.727,536
45.728,536
45.729,536
45.763,536
45.764,536
45.766,536
45.767,536
45.8,536
45.801,536
45.803,536
45.804,536
45.837,536
45.838,536
45.84,536
45.841,536
45.843,536
45.874,536
45.875,536
45.877,536
45.878,536
45.91,536
45.911,536
45.913,536
45.914,536
45.916,536
45.946,536
45.947,536
45.949,536
45.95,536
45.952,536
45.953,536
45.983,536
45.984,536
45.986,536
45.987,536
45.989,536
45.99,536
45.991,536
46.02,536
46.021,536
46.023,536
46.024,536
46.026,536
46.027,536
46.056,536
46.058,536
46.06,536
46.062,536
46.064,536
46.066,536
46.092,536
46.094,536
46.096,536
46.098,536
46.1,536
46.102,536
46.104,536
46.128,536
46.13,536
46.132,536
46.134,536
46.136,536
46.138,536
46.14,536
46.142,536
46.166,536
46.168,536
46.17,536
46.172,536
46.174,536
46.176,536
46.178,536
46.18,536
46.182,536
46.204,536
46.206,536
46.208,536
46.21,536
46.212,536
46.214,536
46.216,536
46.218,536
46.241,536
46.244,536
46.247,536
46.25,536
46.252,536
46.255,536
46.258,536
46.261,536
46.278,536
46.281,536
46.284,536
46.287,536
46.289,536
46.292,536
46.295,536
46.298,536
46.3,536
46.315,536
46.318,536
46.321,536
46.324,536
46.326,536
46.329,536
46.332,536
46.335,536
46.337,536
46.34,536
46.355,536
46.358,536
46.361,536
46.364,536
46.366,536
46.369,536
46.372,536
46.375,536
46.377,536
46.534,536
47.564,536
47.599,536
47.6,536
47.635,536
47.636,536
47.671,536
47.672,536
47.673,536
47.707,536
47.708,536
47.742,536
47.743,536
47.777,536
47.778,536
47.778,536
47.812,536
47.813,536
47.813,536
47.814,536
47.848,536
47.849,536
47.849,536
47.85,536
47.884,536
47.885,536
47.885,536
47.886,536
47.887,536
47.92,536
47.921,536
47.921,536
47.922,536
47.955,536
47.956,536
47.956,536
47.957,536
47.958,536
47.99,536
47.991,536
47.991,536
47.992,536
47.993,536
47.993,536
48.026,536
48.027,536
48.027,536
48.028,536
48.029,536
48.029,536
48.03,536
48.062,536
48.063,536
48.063,536
48.064,536
48.065,536
48.065,536
48.097,536
48.098,536
48.099,536
48.1,536
48.1,536
48.101,536
48.132,536
48.133,536
48.134,536
48.135,536
48.135,536
48.136,536
48.137,536
48.167,536
48.168,536
48.169,536
48.17,536
48.17,536
48.171,536
48.172,536
48.173,536
48.203,536
48.204,536
48.205,536
48.206,536
48.206,536
48.207,536
48.208,536
48.209,536
48.209,536
48.239,536
48.24,536
48.241,536
48.242,536
48.243,536
48.244,536
48.245,536
48.246,536
48.274,536
48.275,536
48.276,536
48.277,536
48.278,536
48.279,536
48.28,536
48.281,536
48.309,536
48.31,536
48.311,536
48.312,536
48.313,536
48.314,536
48.315,536
48.316,536
48.317,536
48.345,536
48.346,536
48.347,536
48.349,536
48.35,536
48.351,536
48.352,536
48.354,536
48.355,536
48.356,536
48.382,536
48.383,536
48.384,536
48.386,536
48.387,536
48.388,536
48.389,536
48.391,536
48.392,536
48.393,536
48.394,536
48.419,536
48.42,536
48.421,536
48.423,536
48.424,536
48.425,536
48.426,536
48.428,536
48.429,536
48.43,536
48.455,536
48.456,536
48.458,536
48.459,536
48.461,536
48.462,536
48.463,536
48.465,536
48.466,536
48.468,536
48.469,536
48.491,536
48.492,536
48.494,536
48.495,536
48.497,536
48.498,536
48.499,536
48.501,536
48.502,536
48.504,536
48.505,536
48.506,536
48.528,536
48.529,536
48.531,536
48.532,536
48.534,536
48.535,536
48.536,536
48.538,536
48.539,536
48.541,536
48.542,536
48.543,536
48.545,536
48.565,536
48.566,536
48.568,536
48.569,536
48.571,536
48.572,536
48.573,536
48.575,536
48.576,536
48.578,536
48.579,536
48.58,536
48.601,536
48.602,536
48.604,536
48.605,536
48.607,536
48.608,536
48.609,536
48.611,536
48.612,536
48.614,536
48.615,536
48.617,536
48.637,536
48.639,536
48.641,536
48.643,536
48.645,536
48.647,536
48.649,536
48.651,536
48.653,536
48.655,536
48.657,536
48.659,536
48.661,536
48.673,536
48.675,536
48.677,536
48.679,536
48.681,536
48.683,536
48.685,536
48.687,536
48.689,536
48.691,536
48.693,536
48.695,536
48.697,536
48.698,536
48.711,536
48.713,536
48.715,536
48.717,536
48.719,536
48.721,536
48.723,536
48.725,536
48.727,536
48.729,536
48.731,536
48.733,536
48.735,536
48.736,536
48.738,536
48.749,536
48.751,536
48.753,536
48.755,536
48.757,536
48.759,536
48.761,536
48.763,536
48.765,536
48.767,536
48.769,536
48.771,536
48.773,536
48.775,536
48.786,536
48.789,536
48.792,536
48.795,536
48.797,536
48.8,536
48.803,536
48.806,536
48.808,536
48.811,536
48.814,536
48.817,536
48.819,536
48.822,536
48.825,536
48.828,536
48.83,536
48.833,536
48.836,536
48.839,536
48.841,536
48.844,536
48.847,536
48.85,536
48.852,536
48.855,536
48.858,536
48.861,536
48.863,536
48.866,536
48.869,536
48.872,536
48.874,536
48.877,536
48.88,536
48.883,536
48.885,536
48.888,536
48.891,536
48.894,536
48.896,536
48.899,536
48.902,536
48.905,536
48.907,536
48.91,536
48.913,536
48.916,536
48.918,536
48.921,536
48.924,536
48.927,536
48.929,536
48.932,536
48.935,536
48.938,536
48.94,536
48.943,536
48.946,536
48.949,536
48.953,536
48.958,536
48.962,536
48.967,536
48.971,536
48.976,536
48.98,536
48.985,536
48.989,536
48.994,536
48.999,536
49.003,536
49.008,536
49.012,536
49.017,536
49.319,536
49.319,536
